M1,M2,G1,G2
0,0,25,0
0,2,24.995,-0.005
0,4,24.978,-0.025
0,6,24.95,-0.058
0,8,24.909,-0.105
0,10,24.857,-0.165
0,12,24.791,-0.241
0,14,24.714,-0.331
0,16,24.622,-0.436
0,18,24.518,-0.558
0,20,24.399,-0.696
0,22,24.267,-0.85
0,24,24.12,-1.022
0,26,23.957,-1.21
0,28,23.779,-1.417
0,30,23.587,-1.644
0,32,23.377,-1.889
0,34,23.15,-2.155
0,36,22.908,-2.44
0,38,22.647,-2.746
0,40,22.369,-3.074
0,42,22.074,-3.424
0,44,21.762,-3.795
0,46,21.43,-4.189
0,48,21.081,-4.604
0,50,20.715,-5.042
0,52,20.332,-5.501
0,54,19.931,-5.984
0,56,19.513,-6.487
0,58,19.078,-7.012
0,60,18.628,-7.557
0,62,18.162,-8.123
0,64,17.682,-8.707
0,66,17.189,-9.31
0,68,16.682,-9.93
0,70,16.162,-10.566
0,72,15.632,-11.217
0,74,15.091,-11.882
0,76,14.542,-12.559
0,78,13.983,-13.247
0,80,13.417,-13.946
0,82,12.845,-14.651
0,84,12.268,-15.364
0,86,11.688,-16.083
0,88,11.103,-16.805
0,90,10.515,-17.529
0,92,9.928,-18.254
0,94,9.339,-18.977
0,96,8.753,-19.699
0,98,8.168,-20.416
0,100,7.586,-21.127
0,102,7.009,-21.831
0,104,6.437,-22.526
0,106,5.872,-23.21
0,108,5.316,-23.883
0,110,4.768,-24.541
0,112,4.231,-25.184
0,114,3.705,-25.81
0,116,3.193,-26.416
0,118,2.697,-27.001
0,120,2.219,-27.564
0,122,1.758,-28.102
0,124,1.318,-28.614
0,126,0.9,-29.098
0,128,0.506,-29.552
2,0,24.995,0.005
2,2,24.989,0
2,4,24.973,-0.02
2,6,24.944,-0.052
2,8,24.905,-0.1
2,10,24.851,-0.16
2,12,24.787,-0.236
2,14,24.71,-0.327
2,16,24.618,-0.432
2,18,24.515,-0.555
2,20,24.396,-0.692
2,22,24.264,-0.848
2,24,24.118,-1.019
2,26,23.956,-1.209
2,28,23.779,-1.417
2,30,23.587,-1.644
2,32,23.378,-1.891
2,34,23.152,-2.157
2,36,22.911,-2.444
2,38,22.652,-2.752
2,40,22.375,-3.081
2,42,22.08,-3.432
2,44,21.768,-3.805
2,46,21.439,-4.2
2,48,21.092,-4.618
2,50,20.727,-5.056
2,52,20.344,-5.519
2,54,19.945,-6.002
2,56,19.529,-6.507
2,58,19.096,-7.035
2,60,18.647,-7.583
2,62,18.184,-8.149
2,64,17.705,-8.736
2,66,17.213,-9.341
2,68,16.709,-9.964
2,70,16.192,-10.602
2,72,15.664,-11.255
2,74,15.125,-11.922
2,76,14.579,-12.603
2,78,14.022,-13.293
2,80,13.46,-13.994
2,82,12.89,-14.703
2,84,12.315,-15.418
2,86,11.737,-16.139
2,88,11.155,-16.863
2,90,10.57,-17.589
2,92,9.985,-18.316
2,94,9.399,-19.042
2,96,8.814,-19.766
2,98,8.232,-20.486
2,100,7.653,-21.2
2,102,7.078,-21.907
2,104,6.51,-22.603
2,106,5.947,-23.29
2,108,5.392,-23.965
2,110,4.847,-24.626
2,112,4.311,-25.271
2,114,3.788,-25.899
2,116,3.279,-26.507
2,118,2.785,-27.094
2,120,2.308,-27.659
2,122,1.848,-28.2
2,124,1.409,-28.713
2,126,0.994,-29.198
2,128,0.601,-29.654
4,0,24.978,0.025
4,2,24.973,0.02
4,4,24.956,0
4,6,24.928,-0.033
4,8,24.888,-0.08
4,10,24.836,-0.141
4,12,24.771,-0.218
4,14,24.695,-0.308
4,16,24.603,-0.415
4,18,24.5,-0.537
4,20,24.383,-0.675
4,22,24.252,-0.83
4,24,24.106,-1.003
4,26,23.944,-1.194
4,28,23.768,-1.403
4,30,23.576,-1.631
4,32,23.368,-1.879
4,34,23.144,-2.146
4,36,22.902,-2.435
4,38,22.645,-2.743
4,40,22.368,-3.073
4,42,22.075,-3.425
4,44,21.766,-3.801
4,46,21.437,-4.197
4,48,21.091,-4.615
4,50,20.727,-5.057
4,52,20.347,-5.521
4,54,19.949,-6.007
4,56,19.534,-6.514
4,58,19.102,-7.043
4,60,18.657,-7.592
4,62,18.195,-8.162
4,64,17.718,-8.752
4,66,17.228,-9.359
4,68,16.725,-9.983
4,70,16.21,-10.624
4,72,15.685,-11.28
4,74,15.148,-11.95
4,76,14.603,-12.632
4,78,14.05,-13.326
4,80,13.49,-14.029
4,82,12.923,-14.74
4,84,12.35,-15.457
4,86,11.774,-16.181
4,88,11.194,-16.907
4,90,10.614,-17.637
4,92,10.03,-18.366
4,94,9.447,-19.096
4,96,8.865,-19.822
4,98,8.286,-20.544
4,100,7.709,-21.26
4,102,7.137,-21.969
4,104,6.57,-22.669
4,106,6.009,-23.358
4,108,5.457,-24.035
4,110,4.914,-24.698
4,112,4.381,-25.345
4,114,3.86,-25.975
4,116,3.353,-26.585
4,118,2.861,-27.175
4,120,2.385,-27.742
4,122,1.927,-28.284
4,124,1.491,-28.8
4,126,1.075,-29.287
4,128,0.684,-29.744
6,0,24.95,0.058
6,2,24.944,0.052
6,4,24.928,0.033
6,6,24.901,0
6,8,24.861,-0.047
6,10,24.809,-0.108
6,12,24.745,-0.185
6,14,24.667,-0.276
6,16,24.577,-0.383
6,18,24.475,-0.505
6,20,24.358,-0.644
6,22,24.227,-0.799
6,24,24.081,-0.973
6,26,23.921,-1.165
6,28,23.746,-1.375
6,30,23.554,-1.603
6,32,23.347,-1.852
6,34,23.123,-2.121
6,36,22.883,-2.409
6,38,22.626,-2.72
6,40,22.352,-3.051
6,42,22.06,-3.406
6,44,21.751,-3.781
6,46,21.424,-4.179
6,48,21.079,-4.6
6,50,20.716,-5.043
6,52,20.337,-5.509
6,54,19.941,-5.997
6,56,19.528,-6.506
6,58,19.098,-7.037
6,60,18.654,-7.589
6,62,18.193,-8.161
6,64,17.719,-8.753
6,66,17.231,-9.362
6,68,16.731,-9.989
6,70,16.218,-10.633
6,72,15.693,-11.291
6,74,15.161,-11.963
6,76,14.617,-12.647
6,78,14.066,-13.344
6,80,13.507,-14.05
6,82,12.943,-14.764
6,84,12.373,-15.483
6,86,11.799,-16.21
6,88,11.223,-16.939
6,90,10.644,-17.671
6,92,10.063,-18.404
6,94,9.484,-19.135
6,96,8.904,-19.864
6,98,8.327,-20.588
6,100,7.753,-21.307
6,102,7.183,-22.018
6,104,6.617,-22.72
6,106,6.06,-23.413
6,108,5.511,-24.092
6,110,4.969,-24.757
6,112,4.438,-25.406
6,114,3.92,-26.039
6,116,3.414,-26.651
6,118,2.925,-27.243
6,120,2.451,-27.813
6,122,1.995,-28.356
6,124,1.561,-28.875
6,126,1.146,-29.363
6,128,0.756,-29.823
8,0,24.909,0.105
8,2,24.905,0.1
8,4,24.888,0.08
8,6,24.861,0.047
8,8,24.821,0
8,10,24.77,-0.061
8,12,24.706,-0.138
8,14,24.629,-0.229
8,16,24.541,-0.336
8,18,24.437,-0.459
8,20,24.321,-0.598
8,22,24.19,-0.755
8,24,24.046,-0.929
8,26,23.886,-1.12
8,28,23.712,-1.331
8,30,23.521,-1.561
8,32,23.314,-1.81
8,34,23.092,-2.08
8,36,22.853,-2.37
8,38,22.597,-2.682
8,40,22.323,-3.014
8,42,22.033,-3.37
8,44,21.723,-3.747
8,46,21.398,-4.147
8,48,21.054,-4.569
8,50,20.694,-5.015
8,52,20.315,-5.482
8,54,19.921,-5.972
8,56,19.51,-6.483
8,58,19.082,-7.017
8,60,18.639,-7.571
8,62,18.18,-8.145
8,64,17.708,-8.739
8,66,17.221,-9.351
8,68,16.723,-9.98
8,70,16.213,-10.626
8,72,15.691,-11.287
8,74,15.159,-11.962
8,76,14.618,-12.65
8,78,14.07,-13.347
8,80,13.514,-14.056
8,82,12.951,-14.773
8,84,12.384,-15.497
8,86,11.813,-16.225
8,88,11.238,-16.957
8,90,10.661,-17.692
8,92,10.085,-18.427
8,94,9.507,-19.16
8,96,8.929,-19.892
8,98,8.355,-20.618
8,100,7.783,-21.34
8,102,7.216,-22.054
8,104,6.654,-22.759
8,106,6.098,-23.453
8,108,5.55,-24.136
8,110,5.012,-24.803
8,112,4.484,-25.455
8,114,3.968,-26.089
8,116,3.465,-26.705
8,118,2.975,-27.299
8,120,2.504,-27.869
8,122,2.051,-28.415
8,124,1.617,-28.936
8,126,1.205,-29.427
8,128,0.816,-29.887
10,0,24.857,0.165
10,2,24.851,0.16
10,4,24.836,0.141
10,6,24.809,0.108
10,8,24.77,0.061
10,10,24.719,0
10,12,24.655,-0.077
10,14,24.579,-0.167
10,16,24.49,-0.275
10,18,24.388,-0.398
10,20,24.272,-0.538
10,22,24.143,-0.694
10,24,23.998,-0.869
10,26,23.84,-1.062
10,28,23.666,-1.273
10,30,23.476,-1.503
10,32,23.27,-1.753
10,34,23.048,-2.024
10,36,22.81,-2.315
10,38,22.555,-2.628
10,40,22.282,-2.963
10,42,21.993,-3.319
10,44,21.685,-3.698
10,46,21.361,-4.099
10,48,21.019,-4.524
10,50,20.659,-4.971
10,52,20.283,-5.44
10,54,19.889,-5.931
10,56,19.48,-6.445
10,58,19.053,-6.981
10,60,18.612,-7.537
10,62,18.155,-8.114
10,64,17.685,-8.71
10,66,17.2,-9.324
10,68,16.703,-9.956
10,70,16.195,-10.604
10,72,15.674,-11.268
10,74,15.146,-11.946
10,76,14.607,-12.635
10,78,14.061,-13.338
10,80,13.506,-14.048
10,82,12.947,-14.767
10,84,12.381,-15.493
10,86,11.813,-16.225
10,88,11.241,-16.96
10,90,10.667,-17.697
10,92,10.092,-18.434
10,94,9.516,-19.171
10,96,8.943,-19.905
10,98,8.37,-20.635
10,100,7.8,-21.359
10,102,7.236,-22.076
10,104,6.676,-22.784
10,106,6.123,-23.48
10,108,5.577,-24.164
10,110,5.042,-24.834
10,112,4.516,-25.489
10,114,4.002,-26.126
10,116,3.5,-26.743
10,118,3.015,-27.339
10,120,2.545,-27.912
10,122,2.094,-28.461
10,124,1.661,-28.983
10,126,1.251,-29.476
10,128,0.864,-29.939
12,0,24.791,0.241
12,2,24.787,0.236
12,4,24.771,0.218
12,6,24.745,0.185
12,8,24.706,0.138
12,10,24.655,0.077
12,12,24.592,0
12,14,24.516,-0.092
12,16,24.429,-0.199
12,18,24.327,-0.323
12,20,24.212,-0.463
12,22,24.083,-0.619
12,24,23.94,-0.794
12,26,23.781,-0.988
12,28,23.607,-1.199
12,30,23.419,-1.431
12,32,23.214,-1.681
12,34,22.994,-1.953
12,36,22.755,-2.245
12,38,22.502,-2.559
12,40,22.23,-2.895
12,42,21.941,-3.253
12,44,21.635,-3.633
12,46,21.312,-4.036
12,48,20.971,-4.462
12,50,20.613,-4.911
12,52,20.238,-5.382
12,54,19.845,-5.875
12,56,19.436,-6.392
12,58,19.012,-6.929
12,60,18.572,-7.487
12,62,18.117,-8.067
12,64,17.648,-8.665
12,66,17.166,-9.282
12,68,16.671,-9.917
12,70,16.164,-10.568
12,72,15.646,-11.234
12,74,15.118,-11.915
12,76,14.583,-12.607
12,78,14.037,-13.311
12,80,13.487,-14.024
12,82,12.929,-14.746
12,84,12.366,-15.476
12,86,11.799,-16.21
12,88,11.23,-16.948
12,90,10.659,-17.687
12,92,10.086,-18.428
12,94,9.512,-19.167
12,96,8.941,-19.904
12,98,8.371,-20.637
12,100,7.804,-21.363
12,102,7.242,-22.083
12,104,6.685,-22.793
12,106,6.135,-23.493
12,108,5.591,-24.179
12,110,5.058,-24.852
12,112,4.533,-25.508
12,114,4.022,-26.147
12,116,3.523,-26.767
12,118,3.039,-27.365
12,120,2.572,-27.941
12,122,2.122,-28.492
12,124,1.691,-29.016
12,126,1.283,-29.51
12,128,0.898,-29.975
14,0,24.714,0.331
14,2,24.71,0.327
14,4,24.695,0.308
14,6,24.667,0.276
14,8,24.629,0.229
14,10,24.579,0.167
14,12,24.516,0.092
14,14,24.441,0
14,16,24.354,-0.107
14,18,24.253,-0.231
14,20,24.139,-0.371
14,22,24.01,-0.528
14,24,23.867,-0.704
14,26,23.711,-0.897
14,28,23.538,-1.11
14,30,23.349,-1.342
14,32,23.145,-1.594
14,34,22.926,-1.866
14,36,22.688,-2.159
14,38,22.436,-2.474
14,40,22.165,-2.811
14,42,21.877,-3.171
14,44,21.572,-3.552
14,46,21.25,-3.957
14,48,20.911,-4.385
14,50,20.554,-4.834
14,52,20.179,-5.308
14,54,19.788,-5.803
14,56,19.382,-6.322
14,58,18.958,-6.861
14,60,18.519,-7.422
14,62,18.066,-8.004
14,64,17.599,-8.604
14,66,17.118,-9.224
14,68,16.624,-9.861
14,70,16.12,-10.515
14,72,15.604,-11.184
14,74,15.079,-11.867
14,76,14.544,-12.562
14,78,14.002,-13.269
14,80,13.453,-13.985
14,82,12.897,-14.71
14,84,12.336,-15.442
14,86,11.772,-16.179
14,88,11.205,-16.919
14,90,10.635,-17.662
14,92,10.066,-18.405
14,94,9.495,-19.147
14,96,8.925,-19.887
14,98,8.358,-20.623
14,100,7.794,-21.351
14,102,7.233,-22.074
14,104,6.679,-22.786
14,106,6.131,-23.488
14,108,5.59,-24.177
14,110,5.058,-24.853
14,112,4.537,-25.511
14,114,4.028,-26.153
14,116,3.532,-26.776
14,118,3.049,-27.376
14,120,2.583,-27.954
14,122,2.136,-28.506
14,124,1.708,-29.032
14,126,1.3,-29.53
14,128,0.917,-29.996
16,0,24.622,0.436
16,2,24.618,0.432
16,4,24.603,0.415
16,6,24.577,0.383
16,8,24.541,0.336
16,10,24.49,0.275
16,12,24.429,0.199
16,14,24.354,0.107
16,16,24.267,0
16,18,24.166,-0.124
16,20,24.053,-0.264
16,22,23.925,-0.422
16,24,23.783,-0.597
16,26,23.626,-0.791
16,28,23.454,-1.004
16,30,23.268,-1.237
16,32,23.065,-1.49
16,34,22.845,-1.762
16,36,22.609,-2.057
16,38,22.357,-2.373
16,40,22.087,-2.711
16,42,21.801,-3.071
16,44,21.497,-3.455
16,46,21.175,-3.861
16,48,20.837,-4.289
16,50,20.482,-4.742
16,52,20.108,-5.217
16,54,19.718,-5.715
16,56,19.312,-6.235
16,58,18.891,-6.777
16,60,18.454,-7.34
16,62,18.001,-7.924
16,64,17.536,-8.526
16,66,17.056,-9.149
16,68,16.564,-9.789
16,70,16.061,-10.445
16,72,15.548,-11.116
16,74,15.024,-11.802
16,76,14.491,-12.501
16,78,13.95,-13.21
16,80,13.404,-13.929
16,82,12.85,-14.657
16,84,12.291,-15.392
16,86,11.73,-16.131
16,88,11.164,-16.875
16,90,10.597,-17.619
16,92,10.029,-18.365
16,94,9.462,-19.111
16,96,8.895,-19.853
16,98,8.329,-20.591
16,100,7.768,-21.324
16,102,7.21,-22.048
16,104,6.657,-22.763
16,106,6.112,-23.467
16,108,5.573,-24.16
16,110,5.044,-24.838
16,112,4.525,-25.499
16,114,4.018,-26.143
16,116,3.523,-26.767
16,118,3.044,-27.371
16,120,2.58,-27.95
16,122,2.134,-28.505
16,124,1.708,-29.032
16,126,1.303,-29.532
16,128,0.921,-30
18,0,24.518,0.558
18,2,24.515,0.555
18,4,24.5,0.537
18,6,24.475,0.505
18,8,24.437,0.459
18,10,24.388,0.398
18,12,24.327,0.323
18,14,24.253,0.231
18,16,24.166,0.124
18,18,24.066,0
18,20,23.953,-0.14
18,22,23.826,-0.299
18,24,23.685,-0.475
18,26,23.529,-0.668
18,28,23.359,-0.882
18,30,23.172,-1.114
18,32,22.971,-1.368
18,34,22.751,-1.642
18,36,22.517,-1.937
18,38,22.266,-2.254
18,40,21.996,-2.593
18,42,21.711,-2.955
18,44,21.409,-3.34
18,46,21.088,-3.747
18,48,20.75,-4.178
18,50,20.396,-4.632
18,52,20.024,-5.109
18,54,19.635,-5.608
18,56,19.23,-6.13
18,58,18.809,-6.675
18,60,18.373,-7.24
18,62,17.923,-7.826
18,64,17.459,-8.431
18,66,16.982,-9.057
18,68,16.491,-9.699
18,70,15.989,-10.357
18,72,15.477,-11.032
18,74,14.955,-11.72
18,76,14.425,-12.421
18,78,13.885,-13.133
18,80,13.34,-13.856
18,82,12.789,-14.587
18,84,12.233,-15.324
18,86,11.673,-16.065
18,88,11.11,-16.812
18,90,10.544,-17.56
18,92,9.978,-18.31
18,94,9.413,-19.057
18,96,8.847,-19.802
18,98,8.284,-20.543
18,100,7.725,-21.278
18,102,7.169,-22.005
18,104,6.62,-22.723
18,106,6.076,-23.43
18,108,5.541,-24.125
18,110,5.013,-24.805
18,112,4.497,-25.469
18,114,3.991,-26.115
18,116,3.499,-26.742
18,118,3.022,-27.347
18,120,2.56,-27.929
18,122,2.115,-28.485
18,124,1.691,-29.015
18,126,1.288,-29.515
18,128,0.908,-29.986
20,0,24.399,0.696
20,2,24.396,0.692
20,4,24.383,0.675
20,6,24.358,0.644
20,8,24.321,0.598
20,10,24.272,0.538
20,12,24.212,0.463
20,14,24.139,0.371
20,16,24.053,0.264
20,18,23.953,0.14
20,20,23.841,0
20,22,23.715,-0.157
20,24,23.574,-0.334
20,26,23.419,-0.528
20,28,23.249,-0.743
20,30,23.063,-0.976
20,32,22.861,-1.229
20,34,22.645,-1.504
20,36,22.41,-1.8
20,38,22.16,-2.118
20,40,21.892,-2.459
20,42,21.608,-2.822
20,44,21.305,-3.207
20,46,20.986,-3.616
20,48,20.649,-4.049
20,50,20.295,-4.504
20,52,19.924,-4.983
20,54,19.537,-5.484
20,56,19.134,-6.009
20,58,18.714,-6.555
20,60,18.279,-7.122
20,62,17.831,-7.711
20,64,17.367,-8.319
20,66,16.89,-8.945
20,68,16.402,-9.591
20,70,15.902,-10.252
20,72,15.391,-10.929
20,74,14.87,-11.62
20,76,14.341,-12.324
20,78,13.804,-13.039
20,80,13.261,-13.764
20,82,12.711,-14.497
20,84,12.157,-15.237
20,86,11.598,-15.982
20,88,11.038,-16.731
20,90,10.475,-17.483
20,92,9.91,-18.234
20,94,9.346,-18.984
20,96,8.784,-19.732
20,98,8.223,-20.476
20,100,7.665,-21.213
20,102,7.113,-21.943
20,104,6.566,-22.664
20,106,6.023,-23.373
20,108,5.49,-24.07
20,110,4.965,-24.752
20,112,4.45,-25.42
20,114,3.947,-26.068
20,116,3.457,-26.697
20,118,2.981,-27.304
20,120,2.522,-27.888
20,122,2.08,-28.447
20,124,1.657,-28.978
20,126,1.255,-29.48
20,128,0.878,-29.953
22,0,24.267,0.85
22,2,24.264,0.848
22,4,24.252,0.83
22,6,24.227,0.799
22,8,24.19,0.755
22,10,24.143,0.694
22,12,24.083,0.619
22,14,24.01,0.528
22,16,23.925,0.422
22,18,23.826,0.299
22,20,23.715,0.157
22,22,23.589,0
22,24,23.449,-0.176
22,26,23.295,-0.371
22,28,23.126,-0.585
22,30,22.941,-0.819
22,32,22.74,-1.073
22,34,22.523,-1.349
22,36,22.29,-1.645
22,38,22.041,-1.964
22,40,21.774,-2.306
22,42,21.49,-2.669
22,44,21.189,-3.056
22,46,20.87,-3.466
22,48,20.535,-3.9
22,50,20.182,-4.357
22,52,19.811,-4.837
22,54,19.425,-5.342
22,56,19.022,-5.868
22,58,18.603,-6.416
22,60,18.17,-6.985
22,62,17.722,-7.576
22,64,17.26,-8.187
22,66,16.785,-8.816
22,68,16.297,-9.464
22,70,15.798,-10.128
22,72,15.289,-10.808
22,74,14.769,-11.501
22,76,14.242,-12.208
22,78,13.706,-12.925
22,80,13.165,-13.653
22,82,12.617,-14.389
22,84,12.064,-15.131
22,86,11.508,-15.879
22,88,10.949,-16.632
22,90,10.387,-17.385
22,92,9.826,-18.14
22,94,9.263,-18.892
22,96,8.703,-19.643
22,98,8.144,-20.39
22,100,7.589,-21.129
22,102,7.037,-21.862
22,104,6.492,-22.585
22,106,5.952,-23.297
22,108,5.421,-23.997
22,110,4.899,-24.681
22,112,4.385,-25.35
22,114,3.885,-26
22,116,3.397,-26.631
22,118,2.922,-27.242
22,120,2.464,-27.827
22,122,2.025,-28.388
22,124,1.604,-28.922
22,126,1.204,-29.426
22,128,0.827,-29.898
24,0,24.12,1.022
24,2,24.118,1.019
24,4,24.106,1.003
24,6,24.081,0.973
24,8,24.046,0.929
24,10,23.998,0.869
24,12,23.94,0.794
24,14,23.867,0.704
24,16,23.783,0.597
24,18,23.685,0.475
24,20,23.574,0.334
24,22,23.449,0.176
24,24,23.31,0
24,26,23.157,-0.195
24,28,22.988,-0.409
24,30,22.804,-0.643
24,32,22.604,-0.898
24,34,22.389,-1.174
24,36,22.157,-1.471
24,38,21.907,-1.79
24,40,21.642,-2.133
24,42,21.358,-2.498
24,44,21.057,-2.886
24,46,20.739,-3.297
24,48,20.405,-3.733
24,50,20.052,-4.192
24,52,19.684,-4.673
24,54,19.299,-5.179
24,56,18.897,-5.707
24,58,18.478,-6.258
24,60,18.046,-6.83
24,62,17.599,-7.423
24,64,17.137,-8.035
24,66,16.664,-8.668
24,68,16.177,-9.317
24,70,15.678,-9.984
24,72,15.17,-10.666
24,74,14.654,-11.362
24,76,14.126,-12.071
24,78,13.592,-12.792
24,80,13.052,-13.522
24,82,12.505,-14.261
24,84,11.953,-15.007
24,86,11.399,-15.757
24,88,10.841,-16.511
24,90,10.282,-17.268
24,92,9.722,-18.025
24,94,9.162,-18.781
24,96,8.603,-19.533
24,98,8.046,-20.283
24,100,7.492,-21.025
24,102,6.943,-21.76
24,104,6.399,-22.485
24,106,5.862,-23.199
24,108,5.332,-23.902
24,110,4.811,-24.588
24,112,4.3,-25.259
24,114,3.801,-25.912
24,116,3.315,-26.545
24,118,2.843,-27.156
24,120,2.388,-27.745
24,122,1.949,-28.307
24,124,1.531,-28.842
24,126,1.133,-29.348
24,128,0.756,-29.823
26,0,23.957,1.21
26,2,23.956,1.209
26,4,23.944,1.194
26,6,23.921,1.165
26,8,23.886,1.12
26,10,23.84,1.062
26,12,23.781,0.988
26,14,23.711,0.897
26,16,23.626,0.791
26,18,23.529,0.668
26,20,23.419,0.528
26,22,23.295,0.371
26,24,23.157,0.195
26,26,23.005,0
26,28,22.836,-0.214
26,30,22.653,-0.448
26,32,22.454,-0.703
26,34,22.239,-0.98
26,36,22.007,-1.277
26,38,21.759,-1.598
26,40,21.493,-1.941
26,42,21.211,-2.307
26,44,20.911,-2.696
26,46,20.595,-3.109
26,48,20.26,-3.546
26,50,19.909,-4.006
26,52,19.54,-4.49
26,54,19.155,-4.997
26,56,18.755,-5.526
26,58,18.338,-6.079
26,60,17.906,-6.653
26,62,17.459,-7.249
26,64,16.999,-7.864
26,66,16.525,-8.498
26,68,16.04,-9.15
26,70,15.542,-9.819
26,72,15.035,-10.504
26,74,14.519,-11.203
26,76,13.994,-11.915
26,78,13.461,-12.638
26,80,12.921,-13.37
26,82,12.376,-14.112
26,84,11.825,-14.86
26,86,11.272,-15.614
26,88,10.716,-16.37
26,90,10.158,-17.129
26,92,9.6,-17.888
26,94,9.041,-18.647
26,96,8.483,-19.402
26,98,7.929,-20.153
26,100,7.377,-20.898
26,102,6.829,-21.635
26,104,6.286,-22.364
26,106,5.75,-23.08
26,108,5.223,-23.783
26,110,4.704,-24.474
26,112,4.194,-25.146
26,114,3.698,-25.801
26,116,3.213,-26.436
26,118,2.742,-27.049
26,120,2.288,-27.639
26,122,1.852,-28.203
26,124,1.434,-28.739
26,126,1.037,-29.246
26,128,0.664,-29.723
28,0,23.779,1.417
28,2,23.779,1.417
28,4,23.768,1.403
28,6,23.746,1.375
28,8,23.712,1.331
28,10,23.666,1.273
28,12,23.607,1.199
28,14,23.538,1.11
28,16,23.454,1.004
28,18,23.359,0.882
28,20,23.249,0.743
28,22,23.126,0.585
28,24,22.988,0.409
28,26,22.836,0.214
28,28,22.669,0
28,30,22.487,-0.234
28,32,22.289,-0.49
28,34,22.074,-0.767
28,36,21.843,-1.065
28,38,21.595,-1.386
28,40,21.331,-1.729
28,42,21.049,-2.096
28,44,20.75,-2.486
28,46,20.434,-2.9
28,48,20.1,-3.338
28,50,19.748,-3.799
28,52,19.382,-4.285
28,54,18.997,-4.794
28,56,18.597,-5.326
28,58,18.18,-5.88
28,60,17.749,-6.456
28,62,17.303,-7.053
28,64,16.842,-7.671
28,66,16.37,-8.308
28,68,15.886,-8.962
28,70,15.39,-9.633
28,72,14.883,-10.32
28,74,14.366,-11.022
28,76,13.841,-11.736
28,78,13.31,-12.462
28,80,12.771,-13.198
28,82,12.227,-13.941
28,84,11.678,-14.692
28,86,11.126,-15.447
28,88,10.57,-16.206
28,90,10.014,-16.969
28,92,9.456,-17.73
28,94,8.899,-18.491
28,96,8.343,-19.248
28,98,7.789,-20.001
28,100,7.239,-20.748
28,102,6.692,-21.488
28,104,6.151,-22.218
28,106,5.617,-22.937
28,108,5.091,-23.642
28,110,4.573,-24.334
28,112,4.066,-25.008
28,114,3.57,-25.666
28,116,3.087,-26.302
28,118,2.618,-26.917
28,120,2.166,-27.507
28,122,1.731,-28.073
28,124,1.315,-28.611
28,126,0.92,-29.12
28,128,0.548,-29.598
30,0,23.587,1.644
30,2,23.587,1.644
30,4,23.576,1.631
30,6,23.554,1.603
30,8,23.521,1.561
30,10,23.476,1.503
30,12,23.419,1.431
30,14,23.349,1.342
30,16,23.268,1.237
30,18,23.172,1.114
30,20,23.063,0.976
30,22,22.941,0.819
30,24,22.804,0.643
30,26,22.653,0.448
30,28,22.487,0.234
30,30,22.305,0
30,32,22.108,-0.255
30,34,21.894,-0.533
30,36,21.663,-0.831
30,38,21.417,-1.153
30,40,21.152,-1.496
30,42,20.871,-1.864
30,44,20.573,-2.255
30,46,20.257,-2.671
30,48,19.923,-3.109
30,50,19.573,-3.572
30,52,19.206,-4.06
30,54,18.822,-4.569
30,56,18.421,-5.103
30,58,18.005,-5.659
30,60,17.574,-6.237
30,62,17.129,-6.837
30,64,16.669,-7.456
30,66,16.198,-8.094
30,68,15.713,-8.752
30,70,15.216,-9.425
30,72,14.711,-10.114
30,74,14.196,-10.819
30,76,13.671,-11.535
30,78,13.141,-12.264
30,80,12.602,-13.001
30,82,12.058,-13.747
30,84,11.51,-14.5
30,86,10.958,-15.258
30,88,10.405,-16.019
30,90,9.849,-16.784
30,92,9.292,-17.547
30,94,8.735,-18.311
30,96,8.181,-19.071
30,98,7.629,-19.825
30,100,7.078,-20.575
30,102,6.534,-21.316
30,104,5.994,-22.048
30,106,5.462,-22.769
30,108,4.935,-23.476
30,110,4.42,-24.168
30,112,3.913,-24.845
30,114,3.42,-25.504
30,116,2.937,-26.141
30,118,2.471,-26.758
30,120,2.019,-27.35
30,122,1.585,-27.917
30,124,1.171,-28.456
30,126,0.777,-28.965
30,128,0.406,-29.443
32,0,23.377,1.889
32,2,23.378,1.891
32,4,23.368,1.879
32,6,23.347,1.852
32,8,23.314,1.81
32,10,23.27,1.753
32,12,23.214,1.681
32,14,23.145,1.594
32,16,23.065,1.49
32,18,22.971,1.368
32,20,22.861,1.229
32,22,22.74,1.073
32,24,22.604,0.898
32,26,22.454,0.703
32,28,22.289,0.49
32,30,22.108,0.255
32,32,21.91,0
32,34,21.697,-0.277
32,36,21.467,-0.576
32,38,21.222,-0.898
32,40,20.957,-1.242
32,42,20.677,-1.611
32,44,20.378,-2.003
32,46,20.063,-2.419
32,48,19.731,-2.859
32,50,19.38,-3.323
32,52,19.014,-3.812
32,54,18.629,-4.323
32,56,18.23,-4.858
32,58,17.814,-5.416
32,60,17.382,-5.996
32,62,16.938,-6.597
32,64,16.479,-7.218
32,66,16.006,-7.859
32,68,15.522,-8.519
32,70,15.027,-9.195
32,72,14.52,-9.886
32,74,14.005,-10.592
32,76,13.481,-11.311
32,78,12.95,-12.04
32,80,12.413,-12.781
32,82,11.87,-13.529
32,84,11.322,-14.285
32,86,10.77,-15.045
32,88,10.217,-15.808
32,90,9.662,-16.575
32,92,9.106,-17.341
32,94,8.55,-18.105
32,96,7.997,-18.867
32,98,7.445,-19.624
32,100,6.895,-20.376
32,102,6.352,-21.118
32,104,5.813,-21.852
32,106,5.28,-22.574
32,108,4.757,-23.283
32,110,4.242,-23.977
32,112,3.736,-24.655
32,114,3.243,-25.315
32,116,2.763,-25.953
32,118,2.297,-26.571
32,120,1.847,-27.164
32,122,1.413,-27.732
32,124,1,-28.272
32,126,0.608,-28.783
32,128,0.237,-29.261
34,0,23.15,2.155
34,2,23.152,2.157
34,4,23.144,2.146
34,6,23.123,2.121
34,8,23.092,2.08
34,10,23.048,2.024
34,12,22.994,1.953
34,14,22.926,1.866
34,16,22.845,1.762
34,18,22.751,1.642
34,20,22.645,1.504
34,22,22.523,1.349
34,24,22.389,1.174
34,26,22.239,0.98
34,28,22.074,0.767
34,30,21.894,0.533
34,32,21.697,0.277
34,34,21.485,0
34,36,21.256,-0.3
34,38,21.009,-0.621
34,40,20.746,-0.967
34,42,20.467,-1.335
34,44,20.168,-1.728
34,46,19.853,-2.145
34,48,19.521,-2.585
34,50,19.17,-3.051
34,52,18.804,-3.54
34,54,18.419,-4.053
34,56,18.02,-4.59
34,58,17.604,-5.15
34,60,17.174,-5.731
34,62,16.728,-6.335
34,64,16.269,-6.958
34,66,15.796,-7.6
34,68,15.312,-8.262
34,70,14.816,-8.94
34,72,14.31,-9.633
34,74,13.795,-10.341
34,76,13.271,-11.062
34,78,12.74,-11.794
34,80,12.203,-12.537
34,82,11.659,-13.287
34,84,11.112,-14.044
34,86,10.562,-14.806
34,88,10.007,-15.572
34,90,9.452,-16.34
34,92,8.896,-17.108
34,94,8.342,-17.874
34,96,7.788,-18.638
34,98,7.236,-19.397
34,100,6.688,-20.149
34,102,6.144,-20.894
34,104,5.606,-21.628
34,106,5.076,-22.352
34,108,4.551,-23.062
34,110,4.037,-23.757
34,112,3.533,-24.436
34,114,3.039,-25.097
34,116,2.56,-25.737
34,118,2.095,-26.355
34,120,1.645,-26.949
34,122,1.213,-27.517
34,124,0.801,-28.058
34,126,0.409,-28.568
34,128,0.04,-29.047
36,0,22.908,2.44
36,2,22.911,2.444
36,4,22.902,2.435
36,6,22.883,2.409
36,8,22.853,2.37
36,10,22.81,2.315
36,12,22.755,2.245
36,14,22.688,2.159
36,16,22.609,2.057
36,18,22.517,1.937
36,20,22.41,1.8
36,22,22.29,1.645
36,24,22.157,1.471
36,26,22.007,1.277
36,28,21.843,1.065
36,30,21.663,0.831
36,32,21.467,0.576
36,34,21.256,0.3
36,36,21.027,0
36,38,20.782,-0.322
36,40,20.518,-0.667
36,42,20.239,-1.037
36,44,19.941,-1.431
36,46,19.626,-1.847
36,48,19.293,-2.289
36,50,18.943,-2.756
36,52,18.576,-3.246
36,54,18.192,-3.761
36,56,17.792,-4.298
36,58,17.377,-4.859
36,60,16.945,-5.443
36,62,16.499,-6.047
36,64,16.04,-6.673
36,66,15.567,-7.317
36,68,15.083,-7.98
36,70,14.587,-8.66
36,72,14.08,-9.355
36,74,13.564,-10.065
36,76,13.04,-10.788
36,78,12.51,-11.522
36,80,11.971,-12.267
36,82,11.427,-13.019
36,84,10.879,-13.777
36,86,10.329,-14.542
36,88,9.775,-15.31
36,90,9.219,-16.078
36,92,8.665,-16.848
36,94,8.108,-17.616
36,96,7.555,-18.381
36,98,7.003,-19.141
36,100,6.455,-19.894
36,102,5.913,-20.64
36,104,5.374,-21.376
36,106,4.843,-22.1
36,108,4.319,-22.811
36,110,3.805,-23.508
36,112,3.301,-24.187
36,114,2.809,-24.848
36,116,2.329,-25.489
36,118,1.865,-26.106
36,120,1.416,-26.701
36,122,0.984,-27.27
36,124,0.572,-27.81
36,126,0.181,-28.321
36,128,-0.187,-28.8
38,0,22.647,2.746
38,2,22.652,2.752
38,4,22.645,2.743
38,6,22.626,2.72
38,8,22.597,2.682
38,10,22.555,2.628
38,12,22.502,2.559
38,14,22.436,2.474
38,16,22.357,2.373
38,18,22.266,2.254
38,20,22.16,2.118
38,22,22.041,1.964
38,24,21.907,1.79
38,26,21.759,1.598
38,28,21.595,1.386
38,30,21.417,1.153
38,32,21.222,0.898
38,34,21.009,0.621
38,36,20.782,0.322
38,38,20.536,0
38,40,20.273,-0.346
38,42,19.994,-0.715
38,44,19.697,-1.109
38,46,19.38,-1.527
38,48,19.048,-1.97
38,50,18.698,-2.437
38,52,18.331,-2.928
38,54,17.947,-3.444
38,56,17.546,-3.983
38,58,17.13,-4.545
38,60,16.698,-5.129
38,62,16.251,-5.736
38,64,15.792,-6.363
38,66,15.319,-7.009
38,68,14.832,-7.673
38,70,14.336,-8.355
38,72,13.829,-9.052
38,74,13.312,-9.764
38,76,12.788,-10.489
38,78,12.256,-11.225
38,80,11.718,-11.97
38,82,11.174,-12.724
38,84,10.625,-13.485
38,86,10.073,-14.25
38,88,9.519,-15.019
38,90,8.963,-15.79
38,92,8.407,-16.561
38,94,7.851,-17.33
38,96,7.297,-18.095
38,98,6.745,-18.856
38,100,6.196,-19.611
38,102,5.652,-20.358
38,104,5.115,-21.094
38,106,4.584,-21.819
38,108,4.06,-22.53
38,110,3.545,-23.227
38,112,3.041,-23.907
38,114,2.549,-24.568
38,116,2.07,-25.209
38,118,1.606,-25.826
38,120,1.156,-26.421
38,122,0.725,-26.989
38,124,0.313,-27.529
38,126,-0.078,-28.039
38,128,-0.446,-28.518
40,0,22.369,3.074
40,2,22.375,3.081
40,4,22.368,3.073
40,6,22.352,3.051
40,8,22.323,3.014
40,10,22.282,2.963
40,12,22.23,2.895
40,14,22.165,2.811
40,16,22.087,2.711
40,18,21.996,2.593
40,20,21.892,2.459
40,22,21.774,2.306
40,24,21.642,2.133
40,26,21.493,1.941
40,28,21.331,1.729
40,30,21.152,1.496
40,32,20.957,1.242
40,34,20.746,0.967
40,36,20.518,0.667
40,38,20.273,0.346
40,40,20.011,0
40,42,19.731,-0.37
40,44,19.434,-0.763
40,46,19.119,-1.182
40,48,18.785,-1.625
40,50,18.434,-2.093
40,52,18.066,-2.585
40,54,17.682,-3.102
40,56,17.281,-3.642
40,58,16.864,-4.206
40,60,16.431,-4.791
40,62,15.984,-5.4
40,64,15.523,-6.027
40,66,15.049,-6.675
40,68,14.562,-7.342
40,70,14.065,-8.024
40,72,13.556,-8.723
40,74,13.04,-9.436
40,76,12.514,-10.163
40,78,11.981,-10.9
40,80,11.441,-11.648
40,82,10.896,-12.402
40,84,10.346,-13.165
40,86,9.793,-13.931
40,88,9.238,-14.701
40,90,8.682,-15.472
40,92,8.125,-16.245
40,94,7.567,-17.015
40,96,7.013,-17.781
40,98,6.461,-18.542
40,100,5.911,-19.298
40,102,5.366,-20.044
40,104,4.828,-20.781
40,106,4.296,-21.506
40,108,3.771,-22.218
40,110,3.256,-22.914
40,112,2.752,-23.594
40,114,2.26,-24.255
40,116,1.78,-24.895
40,118,1.315,-25.513
40,120,0.865,-26.106
40,122,0.435,-26.674
40,124,0.023,-27.213
40,126,-0.368,-27.723
40,128,-0.736,-28.2
42,0,22.074,3.424
42,2,22.08,3.432
42,4,22.075,3.425
42,6,22.06,3.406
42,8,22.033,3.37
42,10,21.993,3.319
42,12,21.941,3.253
42,14,21.877,3.171
42,16,21.801,3.071
42,18,21.711,2.955
42,20,21.608,2.822
42,22,21.49,2.669
42,24,21.358,2.498
42,26,21.211,2.307
42,28,21.049,2.096
42,30,20.871,1.864
42,32,20.677,1.611
42,34,20.467,1.335
42,36,20.239,1.037
42,38,19.994,0.715
42,40,19.731,0.37
42,42,19.451,0
42,44,19.153,-0.394
42,46,18.838,-0.813
42,48,18.504,-1.257
42,50,18.154,-1.725
42,52,17.784,-2.218
42,54,17.4,-2.735
42,56,16.998,-3.277
42,58,16.579,-3.841
42,60,16.146,-4.428
42,62,15.698,-5.038
42,64,15.236,-5.666
42,66,14.76,-6.316
42,68,14.272,-6.983
42,70,13.773,-7.668
42,72,13.263,-8.368
42,74,12.744,-9.082
42,76,12.216,-9.809
42,78,11.682,-10.549
42,80,11.141,-11.297
42,82,10.595,-12.054
42,84,10.044,-12.816
42,86,9.491,-13.584
42,88,8.933,-14.355
42,90,8.376,-15.127
42,92,7.817,-15.899
42,94,7.259,-16.669
42,96,6.702,-17.437
42,98,6.148,-18.198
42,100,5.598,-18.954
42,102,5.053,-19.701
42,104,4.513,-20.437
42,106,3.979,-21.162
42,108,3.454,-21.873
42,110,2.939,-22.568
42,112,2.433,-23.248
42,114,1.94,-23.908
42,116,1.458,-24.547
42,118,0.994,-25.164
42,120,0.544,-25.756
42,122,0.112,-26.323
42,124,-0.3,-26.861
42,126,-0.691,-27.369
42,128,-1.059,-27.844
44,0,21.762,3.795
44,2,21.768,3.805
44,4,21.766,3.801
44,6,21.751,3.781
44,8,21.723,3.747
44,10,21.685,3.698
44,12,21.635,3.633
44,14,21.572,3.552
44,16,21.497,3.455
44,18,21.409,3.34
44,20,21.305,3.207
44,22,21.189,3.056
44,24,21.057,2.886
44,26,20.911,2.696
44,28,20.75,2.486
44,30,20.573,2.255
44,32,20.378,2.003
44,34,20.168,1.728
44,36,19.941,1.431
44,38,19.697,1.109
44,40,19.434,0.763
44,42,19.153,0.394
44,44,18.856,0
44,46,18.539,-0.419
44,48,18.205,-0.863
44,50,17.854,-1.332
44,52,17.484,-1.825
44,54,17.097,-2.344
44,56,16.694,-2.885
44,58,16.275,-3.451
44,60,15.839,-4.039
44,62,15.39,-4.649
44,64,14.926,-5.279
44,66,14.449,-5.93
44,68,13.96,-6.598
44,70,13.46,-7.284
44,72,12.948,-7.985
44,74,12.428,-8.701
44,76,11.898,-9.43
44,78,11.362,-10.169
44,80,10.819,-10.918
44,82,10.27,-11.675
44,84,9.718,-12.439
44,86,9.162,-13.207
44,88,8.603,-13.978
44,90,8.043,-14.752
44,92,7.483,-15.524
44,94,6.923,-16.294
44,96,6.365,-17.062
44,98,5.809,-17.823
44,100,5.257,-18.579
44,102,4.711,-19.324
44,104,4.168,-20.061
44,106,3.634,-20.785
44,108,3.108,-21.494
44,110,2.59,-22.19
44,112,2.083,-22.868
44,114,1.588,-23.526
44,116,1.107,-24.164
44,118,0.641,-24.78
44,120,0.189,-25.37
44,122,-0.243,-25.935
44,124,-0.656,-26.472
44,126,-1.048,-26.978
44,128,-1.416,-27.452
46,0,21.43,4.189
46,2,21.439,4.2
46,4,21.437,4.197
46,6,21.424,4.179
46,8,21.398,4.147
46,10,21.361,4.099
46,12,21.312,4.036
46,14,21.25,3.957
46,16,21.175,3.861
46,18,21.088,3.747
46,20,20.986,3.616
46,22,20.87,3.466
46,24,20.739,3.297
46,26,20.595,3.109
46,28,20.434,2.9
46,30,20.257,2.671
46,32,20.063,2.419
46,34,19.853,2.145
46,36,19.626,1.847
46,38,19.38,1.527
46,40,19.119,1.182
46,42,18.838,0.813
46,44,18.539,0.419
46,46,18.222,0
46,48,17.888,-0.444
46,50,17.535,-0.913
46,52,17.164,-1.408
46,54,16.777,-1.926
46,56,16.372,-2.468
46,58,15.951,-3.035
46,60,15.515,-3.623
46,62,15.064,-4.235
46,64,14.598,-4.866
46,66,14.118,-5.517
46,68,13.627,-6.187
46,70,13.124,-6.874
46,72,12.61,-7.576
46,74,12.088,-8.292
46,76,11.557,-9.022
46,78,11.018,-9.762
46,80,10.473,-10.511
46,82,9.923,-11.269
46,84,9.368,-12.034
46,86,8.809,-12.802
46,88,8.247,-13.574
46,90,7.686,-14.346
46,92,7.123,-15.119
46,94,6.561,-15.889
46,96,6.001,-16.656
46,98,5.442,-17.417
46,100,4.889,-18.171
46,102,4.34,-18.917
46,104,3.796,-19.651
46,106,3.259,-20.374
46,108,2.73,-21.083
46,110,2.211,-21.777
46,112,1.702,-22.454
46,114,1.206,-23.11
46,116,0.724,-23.746
46,118,0.255,-24.36
46,120,-0.196,-24.948
46,122,-0.63,-25.511
46,124,-1.044,-26.045
46,126,-1.437,-26.549
46,128,-1.806,-27.021
48,0,21.081,4.604
48,2,21.092,4.618
48,4,21.091,4.615
48,6,21.079,4.6
48,8,21.054,4.569
48,10,21.019,4.524
48,12,20.971,4.462
48,14,20.911,4.385
48,16,20.837,4.289
48,18,20.75,4.178
48,20,20.649,4.049
48,22,20.535,3.9
48,24,20.405,3.733
48,26,20.26,3.546
48,28,20.1,3.338
48,30,19.923,3.109
48,32,19.731,2.859
48,34,19.521,2.585
48,36,19.293,2.289
48,38,19.048,1.97
48,40,18.785,1.625
48,42,18.504,1.257
48,44,18.205,0.863
48,46,17.888,0.444
48,48,17.551,0
48,50,17.198,-0.469
48,52,16.826,-0.964
48,54,16.438,-1.483
48,56,16.032,-2.026
48,58,15.608,-2.592
48,60,15.17,-3.182
48,62,14.716,-3.794
48,64,14.249,-4.426
48,66,13.768,-5.078
48,68,13.273,-5.748
48,70,12.769,-6.435
48,72,12.252,-7.139
48,74,11.727,-7.856
48,76,11.193,-8.585
48,78,10.652,-9.327
48,80,10.104,-10.077
48,82,9.55,-10.835
48,84,8.993,-11.599
48,86,8.431,-12.367
48,88,7.867,-13.14
48,90,7.303,-13.912
48,92,6.737,-14.684
48,94,6.173,-15.454
48,96,5.61,-16.219
48,98,5.05,-16.98
48,100,4.492,-17.733
48,102,3.94,-18.477
48,104,3.394,-19.211
48,106,2.855,-19.931
48,108,2.324,-20.639
48,110,1.803,-21.33
48,112,1.292,-22.005
48,114,0.793,-22.659
48,116,0.309,-23.293
48,118,-0.161,-23.905
48,120,-0.615,-24.491
48,122,-1.05,-25.051
48,124,-1.465,-25.581
48,126,-1.859,-26.083
48,128,-2.228,-26.552
50,0,20.715,5.042
50,2,20.727,5.056
50,4,20.727,5.057
50,6,20.716,5.043
50,8,20.694,5.015
50,10,20.659,4.971
50,12,20.613,4.911
50,14,20.554,4.834
50,16,20.482,4.742
50,18,20.396,4.632
50,20,20.295,4.504
50,22,20.182,4.357
50,24,20.052,4.192
50,26,19.909,4.006
50,28,19.748,3.799
50,30,19.573,3.572
50,32,19.38,3.323
50,34,19.17,3.051
50,36,18.943,2.756
50,38,18.698,2.437
50,40,18.434,2.093
50,42,18.154,1.725
50,44,17.854,1.332
50,46,17.535,0.913
50,48,17.198,0.469
50,50,16.842,0
50,52,16.469,-0.494
50,54,16.079,-1.014
50,56,15.67,-1.557
50,58,15.246,-2.124
50,60,14.805,-2.715
50,62,14.35,-3.327
50,64,13.879,-3.959
50,66,13.395,-4.612
50,68,12.898,-5.283
50,70,12.391,-5.972
50,72,11.872,-6.675
50,74,11.343,-7.392
50,76,10.806,-8.123
50,78,10.262,-8.863
50,80,9.711,-9.615
50,82,9.155,-10.373
50,84,8.594,-11.136
50,86,8.029,-11.905
50,88,7.462,-12.676
50,90,6.895,-13.448
50,92,6.327,-14.219
50,94,5.759,-14.988
50,96,5.193,-15.752
50,98,4.629,-16.511
50,100,4.069,-17.263
50,102,3.514,-18.005
50,104,2.965,-18.737
50,106,2.423,-19.457
50,108,1.889,-20.161
50,110,1.366,-20.851
50,112,0.852,-21.523
50,114,0.352,-22.175
50,116,-0.135,-22.806
50,118,-0.608,-23.414
50,120,-1.063,-23.998
50,122,-1.499,-24.555
50,124,-1.916,-25.083
50,126,-2.312,-25.58
50,128,-2.684,-26.046
52,0,20.332,5.501
52,2,20.344,5.519
52,4,20.347,5.521
52,6,20.337,5.509
52,8,20.315,5.482
52,10,20.283,5.44
52,12,20.238,5.382
52,14,20.179,5.308
52,16,20.108,5.217
52,18,20.024,5.109
52,20,19.924,4.983
52,22,19.811,4.837
52,24,19.684,4.673
52,26,19.54,4.49
52,28,19.382,4.285
52,30,19.206,4.06
52,32,19.014,3.812
52,34,18.804,3.54
52,36,18.576,3.246
52,38,18.331,2.928
52,40,18.066,2.585
52,42,17.784,2.218
52,44,17.484,1.825
52,46,17.164,1.408
52,48,16.826,0.964
52,50,16.469,0.494
52,52,16.094,0
52,54,15.702,-0.52
52,56,15.291,-1.063
52,58,14.865,-1.631
52,60,14.422,-2.221
52,62,13.962,-2.834
52,64,13.49,-3.467
52,66,13.003,-4.12
52,68,12.503,-4.791
52,70,11.992,-5.479
52,72,11.47,-6.184
52,74,10.938,-6.902
52,76,10.398,-7.632
52,78,9.85,-8.373
52,80,9.296,-9.124
52,82,8.737,-9.882
52,84,8.171,-10.645
52,86,7.604,-11.413
52,88,7.034,-12.184
52,90,6.462,-12.955
52,92,5.891,-13.725
52,94,5.318,-14.493
52,96,4.749,-15.256
52,98,4.182,-16.013
52,100,3.619,-16.763
52,102,3.061,-17.503
52,104,2.509,-18.233
52,106,1.964,-18.949
52,108,1.427,-19.653
52,110,0.9,-20.338
52,112,0.384,-21.008
52,114,-0.12,-21.656
52,116,-0.609,-22.285
52,118,-1.084,-22.89
52,120,-1.542,-23.47
52,122,-1.98,-24.023
52,124,-2.399,-24.548
52,126,-2.795,-25.042
52,128,-3.168,-25.504
54,0,19.931,5.984
54,2,19.945,6.002
54,4,19.949,6.007
54,6,19.941,5.997
54,8,19.921,5.972
54,10,19.889,5.931
54,12,19.845,5.875
54,14,19.788,5.803
54,16,19.718,5.715
54,18,19.635,5.608
54,20,19.537,5.484
54,22,19.425,5.342
54,24,19.299,5.179
54,26,19.155,4.997
54,28,18.997,4.794
54,30,18.822,4.569
54,32,18.629,4.323
54,34,18.419,4.053
54,36,18.192,3.761
54,38,17.947,3.444
54,40,17.682,3.102
54,42,17.4,2.735
54,44,17.097,2.344
54,46,16.777,1.926
54,48,16.438,1.483
54,50,16.079,1.014
54,52,15.702,0.52
54,54,15.306,0
54,56,14.895,-0.544
54,58,14.464,-1.111
54,60,14.018,-1.702
54,62,13.558,-2.315
54,64,13.081,-2.949
54,66,12.591,-3.603
54,68,12.088,-4.274
54,70,11.573,-4.962
54,72,11.048,-5.666
54,74,10.513,-6.385
54,76,9.969,-7.116
54,78,9.417,-7.856
54,80,8.859,-8.606
54,82,8.295,-9.364
54,84,7.727,-10.127
54,86,7.156,-10.894
54,88,6.581,-11.663
54,90,6.005,-12.433
54,92,5.43,-13.202
54,94,4.855,-13.968
54,96,4.281,-14.73
54,98,3.71,-15.485
54,100,3.143,-16.233
54,102,2.582,-16.971
54,104,2.025,-17.698
54,106,1.477,-18.412
54,108,0.938,-19.111
54,110,0.408,-19.795
54,112,-0.112,-20.461
54,114,-0.619,-21.106
54,116,-1.111,-21.731
54,118,-1.588,-22.332
54,120,-2.047,-22.908
54,122,-2.489,-23.459
54,124,-2.909,-23.979
54,126,-3.307,-24.469
54,128,-3.681,-24.927
56,0,19.513,6.487
56,2,19.529,6.507
56,4,19.534,6.514
56,6,19.528,6.506
56,8,19.51,6.483
56,10,19.48,6.445
56,12,19.436,6.392
56,14,19.382,6.322
56,16,19.312,6.235
56,18,19.23,6.13
56,20,19.134,6.009
56,22,19.022,5.868
56,24,18.897,5.707
56,26,18.755,5.526
56,28,18.597,5.326
56,30,18.421,5.103
56,32,18.23,4.858
56,34,18.02,4.59
56,36,17.792,4.298
56,38,17.546,3.983
56,40,17.281,3.642
56,42,16.998,3.277
56,44,16.694,2.885
56,46,16.372,2.468
56,48,16.032,2.026
56,50,15.67,1.557
56,52,15.291,1.063
56,54,14.895,0.544
56,56,14.479,0
56,58,14.047,-0.568
56,60,13.597,-1.158
56,62,13.132,-1.772
56,64,12.654,-2.405
56,66,12.161,-3.059
56,68,11.654,-3.731
56,70,11.136,-4.42
56,72,10.605,-5.124
56,74,10.067,-5.843
56,76,9.518,-6.572
56,78,8.963,-7.314
56,80,8.4,-8.063
56,82,7.832,-8.82
56,84,7.259,-9.582
56,86,6.684,-10.347
56,88,6.106,-11.116
56,90,5.526,-11.884
56,92,4.946,-12.652
56,94,4.367,-13.416
56,96,3.789,-14.175
56,98,3.214,-14.929
56,100,2.643,-15.674
56,102,2.077,-16.41
56,104,1.518,-17.134
56,106,0.966,-17.845
56,108,0.423,-18.541
56,110,-0.112,-19.222
56,112,-0.634,-19.883
56,114,-1.144,-20.526
56,116,-1.638,-21.147
56,118,-2.118,-21.744
56,120,-2.58,-22.317
56,122,-3.023,-22.863
56,124,-3.446,-23.379
56,126,-3.846,-23.865
56,128,-4.221,-24.319
58,0,19.078,7.012
58,2,19.096,7.035
58,4,19.102,7.043
58,6,19.098,7.037
58,8,19.082,7.017
58,10,19.053,6.981
58,12,19.012,6.929
58,14,18.958,6.861
58,16,18.891,6.777
58,18,18.809,6.675
58,20,18.714,6.555
58,22,18.603,6.416
58,24,18.478,6.258
58,26,18.338,6.079
58,28,18.18,5.88
58,30,18.005,5.659
58,32,17.814,5.416
58,34,17.604,5.15
58,36,17.377,4.859
58,38,17.13,4.545
58,40,16.864,4.206
58,42,16.579,3.841
58,44,16.275,3.451
58,46,15.951,3.035
58,48,15.608,2.592
58,50,15.246,2.124
58,52,14.865,1.631
58,54,14.464,1.111
58,56,14.047,0.568
58,58,13.611,0
58,60,13.16,-0.591
58,62,12.691,-1.204
58,64,12.208,-1.838
58,66,11.711,-2.491
58,68,11.2,-3.164
58,70,10.678,-3.853
58,72,10.143,-4.556
58,74,9.601,-5.275
58,76,9.048,-6.004
58,78,8.487,-6.745
58,80,7.922,-7.494
58,82,7.349,-8.25
58,84,6.771,-9.011
58,86,6.191,-9.777
58,88,5.609,-10.543
58,90,5.024,-11.31
58,92,4.439,-12.075
58,94,3.856,-12.838
58,96,3.274,-13.595
58,98,2.695,-14.346
58,100,2.121,-15.089
58,102,1.55,-15.821
58,104,0.987,-16.542
58,106,0.431,-17.25
58,108,-0.117,-17.943
58,110,-0.654,-18.62
58,112,-1.179,-19.279
58,114,-1.691,-19.917
58,116,-2.19,-20.534
58,118,-2.673,-21.127
58,120,-3.138,-21.696
58,122,-3.583,-22.236
58,124,-4.007,-22.749
58,126,-4.409,-23.231
58,128,-4.785,-23.681
60,0,18.628,7.557
60,2,18.647,7.583
60,4,18.657,7.592
60,6,18.654,7.589
60,8,18.639,7.571
60,10,18.612,7.537
60,12,18.572,7.487
60,14,18.519,7.422
60,16,18.454,7.34
60,18,18.373,7.24
60,20,18.279,7.122
60,22,18.17,6.985
60,24,18.046,6.83
60,26,17.906,6.653
60,28,17.749,6.456
60,30,17.574,6.237
60,32,17.382,5.996
60,34,17.174,5.731
60,36,16.945,5.443
60,38,16.698,5.129
60,40,16.431,4.791
60,42,16.146,4.428
60,44,15.839,4.039
60,46,15.515,3.623
60,48,15.17,3.182
60,50,14.805,2.715
60,52,14.422,2.221
60,54,14.018,1.702
60,56,13.597,1.158
60,58,13.16,0.591
60,60,12.703,0
60,62,12.231,-0.614
60,64,11.745,-1.247
60,66,11.243,-1.901
60,68,10.728,-2.573
60,70,10.202,-3.261
60,72,9.664,-3.966
60,74,9.116,-4.683
60,76,8.558,-5.413
60,78,7.994,-6.153
60,80,7.423,-6.901
60,82,6.845,-7.656
60,84,6.264,-8.416
60,86,5.678,-9.18
60,88,5.091,-9.945
60,90,4.502,-10.711
60,92,3.913,-11.474
60,94,3.324,-12.234
60,96,2.738,-12.989
60,98,2.155,-13.737
60,100,1.576,-14.477
60,102,1.002,-15.207
60,104,0.433,-15.925
60,106,-0.127,-16.63
60,108,-0.677,-17.32
60,110,-1.219,-17.992
60,112,-1.747,-18.646
60,114,-2.264,-19.281
60,116,-2.764,-19.893
60,118,-3.249,-20.483
60,120,-3.717,-21.047
60,122,-4.165,-21.584
60,124,-4.591,-22.092
60,126,-4.994,-22.569
60,128,-5.372,-23.015
62,0,18.162,8.123
62,2,18.184,8.149
62,4,18.195,8.162
62,6,18.193,8.161
62,8,18.18,8.145
62,10,18.155,8.114
62,12,18.117,8.067
62,14,18.066,8.004
62,16,18.001,7.924
62,18,17.923,7.826
62,20,17.831,7.711
62,22,17.722,7.576
62,24,17.599,7.423
62,26,17.459,7.249
62,28,17.303,7.053
62,30,17.129,6.837
62,32,16.938,6.597
62,34,16.728,6.335
62,36,16.499,6.047
62,38,16.251,5.736
62,40,15.984,5.4
62,42,15.698,5.038
62,44,15.39,4.649
62,46,15.064,4.235
62,48,14.716,3.794
62,50,14.35,3.327
62,52,13.962,2.834
62,54,13.558,2.315
62,56,13.132,1.772
62,58,12.691,1.204
62,60,12.231,0.614
62,62,11.756,0
62,64,11.265,-0.634
62,66,10.759,-1.287
62,68,10.24,-1.96
62,70,9.709,-2.649
62,72,9.166,-3.352
62,74,8.613,-4.07
62,76,8.051,-4.799
62,78,7.481,-5.537
62,80,6.905,-6.285
62,82,6.323,-7.039
62,84,5.737,-7.798
62,86,5.147,-8.56
62,88,4.554,-9.325
62,90,3.961,-10.088
62,92,3.367,-10.849
62,94,2.774,-11.607
62,96,2.182,-12.36
62,98,1.595,-13.106
62,100,1.01,-13.842
62,102,0.432,-14.569
62,104,-0.14,-15.283
62,106,-0.705,-15.985
62,108,-1.259,-16.671
62,110,-1.803,-17.341
62,112,-2.336,-17.99
62,114,-2.855,-18.621
62,116,-3.36,-19.229
62,118,-3.848,-19.814
62,120,-4.317,-20.373
62,122,-4.766,-20.906
62,124,-5.194,-21.41
62,126,-5.599,-21.883
62,128,-5.978,-22.324
64,0,17.682,8.707
64,2,17.705,8.736
64,4,17.718,8.752
64,6,17.719,8.753
64,8,17.708,8.739
64,10,17.685,8.71
64,12,17.648,8.665
64,14,17.599,8.604
64,16,17.536,8.526
64,18,17.459,8.431
64,20,17.367,8.319
64,22,17.26,8.187
64,24,17.137,8.035
64,26,16.999,7.864
64,28,16.842,7.671
64,30,16.669,7.456
64,32,16.479,7.218
64,34,16.269,6.958
64,36,16.04,6.673
64,38,15.792,6.363
64,40,15.523,6.027
64,42,15.236,5.666
64,44,14.926,5.279
64,46,14.598,4.866
64,48,14.249,4.426
64,50,13.879,3.959
64,52,13.49,3.467
64,54,13.081,2.949
64,56,12.654,2.405
64,58,12.208,1.838
64,60,11.745,1.247
64,62,11.265,0.634
64,64,10.769,0
64,66,10.259,-0.654
64,68,9.736,-1.326
64,70,9.199,-2.015
64,72,8.652,-2.718
64,74,8.093,-3.434
64,76,7.528,-4.164
64,78,6.953,-4.902
64,80,6.371,-5.649
64,82,5.783,-6.401
64,84,5.192,-7.159
64,86,4.597,-7.921
64,88,3.999,-8.683
64,90,3.401,-9.444
64,92,2.802,-10.203
64,94,2.204,-10.959
64,96,1.608,-11.709
64,98,1.015,-12.452
64,100,0.427,-13.186
64,102,-0.155,-13.91
64,104,-0.732,-14.62
64,106,-1.3,-15.318
64,108,-1.859,-16.001
64,110,-2.407,-16.666
64,112,-2.943,-17.313
64,114,-3.465,-17.939
64,116,-3.972,-18.544
64,118,-4.462,-19.123
64,120,-4.934,-19.679
64,122,-5.385,-20.207
64,124,-5.816,-20.706
64,126,-6.221,-21.175
64,128,-6.601,-21.611
66,0,17.189,9.31
66,2,17.213,9.341
66,4,17.228,9.359
66,6,17.231,9.362
66,8,17.221,9.351
66,10,17.2,9.324
66,12,17.166,9.282
66,14,17.118,9.224
66,16,17.056,9.149
66,18,16.982,9.057
66,20,16.89,8.945
66,22,16.785,8.816
66,24,16.664,8.668
66,26,16.525,8.498
66,28,16.37,8.308
66,30,16.198,8.094
66,32,16.006,7.859
66,34,15.796,7.6
66,36,15.567,7.317
66,38,15.319,7.009
66,40,15.049,6.675
66,42,14.76,6.316
66,44,14.449,5.93
66,46,14.118,5.517
66,48,13.768,5.078
66,50,13.395,4.612
66,52,13.003,4.12
66,54,12.591,3.603
66,56,12.161,3.059
66,58,11.711,2.491
66,60,11.243,1.901
66,62,10.759,1.288
66,64,10.259,0.654
66,66,9.744,0
66,68,9.217,-0.672
66,70,8.675,-1.361
66,72,8.122,-2.064
66,74,7.559,-2.78
66,76,6.988,-3.509
66,78,6.407,-4.246
66,80,5.821,-4.992
66,82,5.228,-5.744
66,84,4.631,-6.501
66,86,4.03,-7.26
66,88,3.428,-8.021
66,90,2.824,-8.78
66,92,2.22,-9.538
66,94,1.618,-10.291
66,96,1.017,-11.039
66,98,0.42,-11.779
66,100,-0.173,-12.51
66,102,-0.761,-13.23
66,104,-1.34,-13.938
66,106,-1.912,-14.633
66,108,-2.475,-15.311
66,110,-3.026,-15.972
66,112,-3.566,-16.615
66,114,-4.09,-17.238
66,116,-4.6,-17.837
66,118,-5.094,-18.413
66,120,-5.568,-18.965
66,122,-6.02,-19.487
66,124,-6.452,-19.983
66,126,-6.859,-20.447
66,128,-7.24,-20.879
68,0,16.682,9.93
68,2,16.709,9.964
68,4,16.725,9.983
68,6,16.731,9.989
68,8,16.723,9.98
68,10,16.703,9.956
68,12,16.671,9.917
68,14,16.624,9.861
68,16,16.564,9.789
68,18,16.491,9.699
68,20,16.402,9.591
68,22,16.297,9.464
68,24,16.177,9.317
68,26,16.04,9.15
68,28,15.886,8.962
68,30,15.713,8.752
68,32,15.522,8.519
68,34,15.312,8.262
68,36,15.083,7.98
68,38,14.832,7.673
68,40,14.562,7.342
68,42,14.272,6.983
68,44,13.96,6.598
68,46,13.627,6.187
68,48,13.273,5.748
68,50,12.898,5.283
68,52,12.503,4.791
68,54,12.088,4.274
68,56,11.654,3.731
68,58,11.2,3.164
68,60,10.728,2.573
68,62,10.24,1.96
68,64,9.736,1.326
68,66,9.217,0.672
68,68,8.682,0
68,70,8.136,-0.688
68,72,7.578,-1.391
68,74,7.01,-2.108
68,76,6.433,-2.836
68,78,5.847,-3.573
68,80,5.256,-4.318
68,82,4.659,-5.069
68,84,4.056,-5.824
68,86,3.45,-6.583
68,88,2.842,-7.341
68,90,2.234,-8.099
68,92,1.625,-8.855
68,94,1.017,-9.605
68,96,0.412,-10.351
68,98,-0.191,-11.088
68,100,-0.788,-11.816
68,102,-1.379,-12.534
68,104,-1.963,-13.238
68,106,-2.539,-13.929
68,108,-3.105,-14.604
68,110,-3.66,-15.261
68,112,-4.202,-15.9
68,114,-4.731,-16.519
68,116,-5.243,-17.114
68,118,-5.738,-17.686
68,120,-6.214,-18.233
68,122,-6.669,-18.752
68,124,-7.101,-19.242
68,126,-7.509,-19.703
68,128,-7.89,-20.131
70,0,16.162,10.566
70,2,16.192,10.602
70,4,16.21,10.624
70,6,16.218,10.633
70,8,16.213,10.626
70,10,16.195,10.604
70,12,16.164,10.568
70,14,16.12,10.515
70,16,16.061,10.445
70,18,15.989,10.357
70,20,15.902,10.252
70,22,15.798,10.128
70,24,15.678,9.984
70,26,15.542,9.819
70,28,15.39,9.633
70,30,15.216,9.425
70,32,15.027,9.195
70,34,14.816,8.94
70,36,14.587,8.66
70,38,14.336,8.355
70,40,14.065,8.024
70,42,13.773,7.668
70,44,13.46,7.284
70,46,13.124,6.874
70,48,12.769,6.435
70,50,12.391,5.972
70,52,11.992,5.479
70,54,11.573,4.962
70,56,11.136,4.42
70,58,10.678,3.853
70,60,10.202,3.261
70,62,9.709,2.649
70,64,9.199,2.015
70,66,8.675,1.361
70,68,8.136,0.688
70,70,7.585,0
70,72,7.022,-0.703
70,74,6.448,-1.42
70,76,5.866,-2.147
70,78,5.275,-2.883
70,80,4.678,-3.628
70,82,4.074,-4.378
70,84,3.467,-5.132
70,86,2.855,-5.888
70,88,2.243,-6.646
70,90,1.629,-7.402
70,92,1.015,-8.156
70,94,0.403,-8.904
70,96,-0.207,-9.646
70,98,-0.814,-10.381
70,100,-1.415,-11.108
70,102,-2.01,-11.822
70,104,-2.599,-12.523
70,106,-3.178,-13.211
70,108,-3.748,-13.882
70,110,-4.306,-14.536
70,112,-4.851,-15.171
70,114,-5.382,-15.785
70,116,-5.898,-16.377
70,118,-6.394,-16.945
70,120,-6.872,-17.487
70,122,-7.327,-18.002
70,124,-7.761,-18.489
70,126,-8.17,-18.944
70,128,-8.551,-19.367
72,0,15.632,11.217
72,2,15.664,11.255
72,4,15.685,11.28
72,6,15.693,11.291
72,8,15.691,11.287
72,10,15.674,11.268
72,12,15.646,11.234
72,14,15.604,11.184
72,16,15.548,11.116
72,18,15.477,11.032
72,20,15.391,10.929
72,22,15.289,10.808
72,24,15.17,10.666
72,26,15.035,10.504
72,28,14.883,10.32
72,30,14.711,10.114
72,32,14.52,9.886
72,34,14.31,9.633
72,36,14.08,9.355
72,38,13.829,9.052
72,40,13.556,8.723
72,42,13.263,8.368
72,44,12.948,7.985
72,46,12.61,7.576
72,48,12.252,7.139
72,50,11.872,6.675
72,52,11.47,6.184
72,54,11.048,5.666
72,56,10.605,5.124
72,58,10.143,4.556
72,60,9.664,3.966
72,62,9.166,3.352
72,64,8.652,2.718
72,66,8.122,2.064
72,68,7.578,1.391
72,70,7.022,0.703
72,72,6.454,0
72,74,5.874,-0.716
72,76,5.287,-1.443
72,78,4.69,-2.18
72,80,4.088,-2.923
72,82,3.478,-3.673
72,84,2.866,-4.426
72,86,2.25,-5.181
72,88,1.632,-5.937
72,90,1.013,-6.691
72,92,0.394,-7.443
72,94,-0.224,-8.19
72,96,-0.838,-8.93
72,98,-1.449,-9.663
72,100,-2.054,-10.385
72,102,-2.654,-11.097
72,104,-3.245,-11.795
72,106,-3.829,-12.479
72,108,-4.402,-13.147
72,110,-4.963,-13.798
72,112,-5.511,-14.429
72,114,-6.044,-15.039
72,116,-6.561,-15.628
72,118,-7.06,-16.192
72,120,-7.539,-16.73
72,122,-7.997,-17.241
72,124,-8.431,-17.722
72,126,-8.84,-18.174
72,128,-9.222,-18.593
74,0,15.091,11.882
74,2,15.125,11.922
74,4,15.148,11.95
74,6,15.161,11.963
74,8,15.159,11.962
74,10,15.146,11.946
74,12,15.118,11.915
74,14,15.079,11.867
74,16,15.024,11.802
74,18,14.955,11.72
74,20,14.87,11.62
74,22,14.769,11.501
74,24,14.654,11.362
74,26,14.519,11.203
74,28,14.366,11.022
74,30,14.196,10.819
74,32,14.005,10.592
74,34,13.795,10.341
74,36,13.564,10.065
74,38,13.312,9.764
74,40,13.04,9.436
74,42,12.744,9.082
74,44,12.428,8.701
74,46,12.088,8.292
74,48,11.727,7.856
74,50,11.343,7.392
74,52,10.938,6.902
74,54,10.513,6.385
74,56,10.067,5.843
74,58,9.601,5.275
74,60,9.116,4.683
74,62,8.613,4.07
74,64,8.093,3.434
74,66,7.559,2.78
74,68,7.01,2.108
74,70,6.448,1.42
74,72,5.874,0.716
74,74,5.29,0
74,76,4.697,-0.727
74,78,4.096,-1.463
74,80,3.487,-2.206
74,82,2.873,-2.955
74,84,2.254,-3.708
74,86,1.633,-4.461
74,88,1.01,-5.216
74,90,0.386,-5.969
74,92,-0.237,-6.719
74,94,-0.859,-7.463
74,96,-1.477,-8.202
74,98,-2.094,-8.932
74,100,-2.703,-9.652
74,102,-3.307,-10.361
74,104,-3.902,-11.056
74,106,-4.488,-11.738
74,108,-5.065,-12.402
74,110,-5.628,-13.05
74,112,-6.178,-13.678
74,114,-6.714,-14.284
74,116,-7.233,-14.869
74,118,-7.734,-15.429
74,120,-8.213,-15.962
74,122,-8.673,-16.47
74,124,-9.108,-16.948
74,126,-9.516,-17.395
74,128,-9.898,-17.81
76,0,14.542,12.559
76,2,14.579,12.603
76,4,14.603,12.632
76,6,14.617,12.647
76,8,14.618,12.65
76,10,14.607,12.635
76,12,14.583,12.607
76,14,14.544,12.562
76,16,14.491,12.501
76,18,14.425,12.421
76,20,14.341,12.324
76,22,14.242,12.208
76,24,14.126,12.071
76,26,13.994,11.915
76,28,13.841,11.736
76,30,13.671,11.535
76,32,13.481,11.311
76,34,13.271,11.062
76,36,13.04,10.788
76,38,12.788,10.489
76,40,12.514,10.163
76,42,12.216,9.809
76,44,11.898,9.43
76,46,11.557,9.022
76,48,11.193,8.585
76,50,10.806,8.123
76,52,10.398,7.632
76,54,9.969,7.116
76,56,9.518,6.572
76,58,9.048,6.004
76,60,8.558,5.413
76,62,8.051,4.799
76,64,7.528,4.164
76,66,6.988,3.509
76,68,6.433,2.836
76,70,5.866,2.147
76,72,5.287,1.443
76,74,4.697,0.727
76,76,4.097,0
76,78,3.491,-0.736
76,80,2.877,-1.479
76,82,2.257,-2.227
76,84,1.634,-2.978
76,86,1.009,-3.732
76,88,0.38,-4.485
76,90,-0.249,-5.237
76,92,-0.878,-5.985
76,94,-1.503,-6.728
76,96,-2.126,-7.464
76,98,-2.746,-8.192
76,100,-3.36,-8.909
76,102,-3.966,-9.616
76,104,-4.566,-10.309
76,106,-5.155,-10.987
76,108,-5.734,-11.649
76,110,-6.301,-12.293
76,112,-6.853,-12.918
76,114,-7.39,-13.521
76,116,-7.911,-14.101
76,118,-8.412,-14.658
76,120,-8.895,-15.188
76,122,-9.353,-15.691
76,124,-9.789,-16.166
76,126,-10.198,-16.609
76,128,-10.58,-17.02
78,0,13.983,13.247
78,2,14.022,13.293
78,4,14.05,13.326
78,6,14.066,13.344
78,8,14.07,13.347
78,10,14.061,13.338
78,12,14.037,13.311
78,14,14.002,13.269
78,16,13.95,13.21
78,18,13.885,13.133
78,20,13.804,13.039
78,22,13.706,12.925
78,24,13.592,12.792
78,26,13.461,12.638
78,28,13.31,12.462
78,30,13.141,12.264
78,32,12.95,12.04
78,34,12.74,11.794
78,36,12.51,11.522
78,38,12.256,11.225
78,40,11.981,10.9
78,42,11.682,10.549
78,44,11.362,10.169
78,46,11.018,9.762
78,48,10.652,9.327
78,50,10.262,8.863
78,52,9.85,8.373
78,54,9.417,7.856
78,56,8.963,7.314
78,58,8.487,6.745
78,60,7.994,6.153
78,62,7.481,5.537
78,64,6.953,4.902
78,66,6.407,4.246
78,68,5.847,3.573
78,70,5.275,2.883
78,72,4.69,2.18
78,74,4.096,1.463
78,76,3.491,0.736
78,78,2.879,0
78,80,2.258,-0.743
78,82,1.634,-1.491
78,84,1.006,-2.242
78,86,0.375,-2.995
78,88,-0.258,-3.747
78,90,-0.891,-4.497
78,92,-1.524,-5.243
78,94,-2.155,-5.985
78,96,-2.782,-6.72
78,98,-3.406,-7.445
78,100,-4.024,-8.161
78,102,-4.633,-8.864
78,104,-5.235,-9.555
78,106,-5.828,-10.23
78,108,-6.409,-10.89
78,110,-6.979,-11.531
78,112,-7.533,-12.152
78,114,-8.072,-12.752
78,116,-8.594,-13.329
78,118,-9.097,-13.882
78,120,-9.579,-14.409
78,122,-10.038,-14.909
78,124,-10.475,-15.38
78,126,-10.883,-15.819
78,128,-11.264,-16.226
80,0,13.417,13.946
80,2,13.46,13.994
80,4,13.49,14.029
80,6,13.507,14.05
80,8,13.514,14.056
80,10,13.507,14.048
80,12,13.487,14.024
80,14,13.453,13.985
80,16,13.404,13.929
80,18,13.34,13.856
80,20,13.261,13.764
80,22,13.165,13.653
80,24,13.052,13.522
80,26,12.921,13.37
80,28,12.771,13.198
80,30,12.602,13.001
80,32,12.413,12.781
80,34,12.203,12.537
80,36,11.971,12.267
80,38,11.718,11.97
80,40,11.441,11.648
80,42,11.141,11.297
80,44,10.819,10.918
80,46,10.473,10.511
80,48,10.104,10.077
80,50,9.711,9.615
80,52,9.296,9.124
80,54,8.859,8.606
80,56,8.4,8.063
80,58,7.922,7.494
80,60,7.423,6.901
80,62,6.905,6.285
80,64,6.371,5.649
80,66,5.821,4.992
80,68,5.256,4.318
80,70,4.678,3.628
80,72,4.088,2.923
80,74,3.487,2.206
80,76,2.877,1.479
80,78,2.258,0.743
80,80,1.634,0
80,82,1.006,-0.748
80,84,0.372,-1.498
80,86,-0.264,-2.251
80,88,-0.902,-3.002
80,90,-1.54,-3.751
80,92,-2.177,-4.496
80,94,-2.812,-5.237
80,96,-3.443,-5.969
80,98,-4.07,-6.693
80,100,-4.691,-7.406
80,102,-5.305,-8.109
80,104,-5.91,-8.797
80,106,-6.504,-9.469
80,108,-7.089,-10.127
80,110,-7.66,-10.764
80,112,-8.216,-11.382
80,114,-8.757,-11.979
80,116,-9.279,-12.553
80,118,-9.784,-13.104
80,120,-10.266,-13.627
80,122,-10.725,-14.123
80,124,-11.162,-14.59
80,126,-11.57,-15.026
80,128,-11.951,-15.43
82,0,12.845,14.651
82,2,12.89,14.703
82,4,12.923,14.74
82,6,12.943,14.764
82,8,12.951,14.773
82,10,12.947,14.767
82,12,12.929,14.746
82,14,12.897,14.71
82,16,12.85,14.657
82,18,12.789,14.587
82,20,12.711,14.497
82,22,12.617,14.389
82,24,12.505,14.261
82,26,12.376,14.112
82,28,12.227,13.941
82,30,12.058,13.747
82,32,11.87,13.529
82,34,11.659,13.287
82,36,11.427,13.019
82,38,11.174,12.724
82,40,10.896,12.402
82,42,10.595,12.054
82,44,10.27,11.675
82,46,9.923,11.269
82,48,9.55,10.835
82,50,9.155,10.373
82,52,8.737,9.882
82,54,8.295,9.364
82,56,7.832,8.82
82,58,7.349,8.25
82,60,6.845,7.656
82,62,6.323,7.039
82,64,5.783,6.401
82,66,5.228,5.744
82,68,4.659,5.069
82,70,4.074,4.378
82,72,3.478,3.673
82,74,2.873,2.955
82,76,2.257,2.227
82,78,1.634,1.491
82,80,1.006,0.748
82,82,0.371,0
82,84,-0.267,-0.75
82,86,-0.909,-1.502
82,88,-1.551,-2.253
82,90,-2.193,-3.001
82,92,-2.834,-3.746
82,94,-3.473,-4.485
82,96,-4.108,-5.216
82,98,-4.739,-5.939
82,100,-5.362,-6.65
82,102,-5.979,-7.35
82,104,-6.587,-8.035
82,106,-7.184,-8.707
82,108,-7.77,-9.36
82,110,-8.343,-9.996
82,112,-8.902,-10.611
82,114,-9.443,-11.206
82,116,-9.968,-11.777
82,118,-10.472,-12.324
82,120,-10.954,-12.844
82,122,-11.414,-13.336
82,124,-11.85,-13.8
82,126,-12.257,-14.233
82,128,-12.636,-14.634
84,0,12.268,15.364
84,2,12.315,15.418
84,4,12.35,15.457
84,6,12.373,15.483
84,8,12.384,15.497
84,10,12.381,15.493
84,12,12.366,15.476
84,14,12.336,15.442
84,16,12.291,15.392
84,18,12.233,15.324
84,20,12.157,15.237
84,22,12.064,15.132
84,24,11.953,15.007
84,26,11.825,14.86
84,28,11.678,14.692
84,30,11.51,14.5
84,32,11.322,14.285
84,34,11.112,14.044
84,36,10.879,13.777
84,38,10.625,13.485
84,40,10.346,13.165
84,42,10.044,12.816
84,44,9.718,12.439
84,46,9.368,12.034
84,48,8.993,11.599
84,50,8.594,11.136
84,52,8.171,10.645
84,54,7.727,10.127
84,56,7.259,9.582
84,58,6.771,9.011
84,60,6.264,8.416
84,62,5.737,7.798
84,64,5.192,7.159
84,66,4.631,6.501
84,68,4.056,5.824
84,70,3.467,5.132
84,72,2.866,4.426
84,74,2.254,3.708
84,76,1.634,2.978
84,78,1.006,2.242
84,80,0.372,1.498
84,82,-0.267,0.75
84,84,-0.91,0
84,86,-1.557,-0.751
84,88,-2.203,-1.502
84,90,-2.849,-2.25
84,92,-3.495,-2.993
84,94,-4.137,-3.731
84,96,-4.776,-4.461
84,98,-5.408,-5.182
84,100,-6.035,-5.893
84,102,-6.655,-6.591
84,104,-7.266,-7.274
84,106,-7.866,-7.942
84,108,-8.453,-8.594
84,110,-9.027,-9.227
84,112,-9.587,-9.841
84,114,-10.13,-10.432
84,116,-10.655,-11
84,118,-11.159,-11.544
84,120,-11.643,-12.061
84,122,-12.102,-12.551
84,124,-12.537,-13.012
84,126,-12.944,-13.441
84,128,-13.322,-13.838
86,0,11.688,16.083
86,2,11.737,16.139
86,4,11.774,16.181
86,6,11.799,16.21
86,8,11.813,16.225
86,10,11.813,16.225
86,12,11.799,16.21
86,14,11.772,16.179
86,16,11.73,16.131
86,18,11.673,16.065
86,20,11.598,15.982
86,22,11.508,15.879
86,24,11.399,15.757
86,26,11.272,15.614
86,28,11.126,15.447
86,30,10.958,15.258
86,32,10.77,15.045
86,34,10.562,14.806
86,36,10.329,14.542
86,38,10.073,14.25
86,40,9.793,13.931
86,42,9.491,13.584
86,44,9.162,13.207
86,46,8.809,12.802
86,48,8.431,12.367
86,50,8.029,11.905
86,52,7.604,11.413
86,54,7.156,10.894
86,56,6.684,10.347
86,58,6.191,9.777
86,60,5.678,9.18
86,62,5.147,8.56
86,64,4.597,7.921
86,66,4.03,7.26
86,68,3.45,6.583
86,70,2.855,5.888
86,72,2.25,5.181
86,74,1.633,4.461
86,76,1.009,3.732
86,78,0.375,2.995
86,80,-0.264,2.251
86,82,-0.909,1.502
86,84,-1.557,0.751
86,86,-2.207,0
86,88,-2.857,-0.75
86,90,-3.507,-1.497
86,92,-4.156,-2.241
86,94,-4.802,-2.978
86,96,-5.444,-3.707
86,98,-6.08,-4.426
86,100,-6.71,-5.135
86,102,-7.332,-5.832
86,104,-7.945,-6.514
86,106,-8.546,-7.18
86,108,-9.135,-7.83
86,110,-9.711,-8.461
86,112,-10.272,-9.072
86,114,-10.815,-9.661
86,116,-11.34,-10.227
86,118,-11.846,-10.767
86,120,-12.328,-11.283
86,122,-12.788,-11.769
86,124,-13.221,-12.226
86,126,-13.629,-12.653
86,128,-14.005,-13.047
88,0,11.103,16.805
88,2,11.155,16.863
88,4,11.194,16.907
88,6,11.223,16.939
88,8,11.238,16.957
88,10,11.241,16.96
88,12,11.23,16.948
88,14,11.205,16.919
88,16,11.164,16.875
88,18,11.11,16.812
88,20,11.038,16.731
88,22,10.949,16.632
88,24,10.841,16.511
88,26,10.716,16.37
88,28,10.57,16.206
88,30,10.405,16.019
88,32,10.217,15.808
88,34,10.007,15.572
88,36,9.775,15.31
88,38,9.519,15.019
88,40,9.238,14.701
88,42,8.933,14.355
88,44,8.603,13.978
88,46,8.247,13.574
88,48,7.867,13.14
88,50,7.462,12.676
88,52,7.034,12.184
88,54,6.581,11.663
88,56,6.106,11.116
88,58,5.609,10.543
88,60,5.091,9.945
88,62,4.554,9.325
88,64,3.999,8.683
88,66,3.428,8.021
88,68,2.842,7.341
88,70,2.243,6.646
88,72,1.632,5.937
88,74,1.01,5.216
88,76,0.38,4.485
88,78,-0.258,3.747
88,80,-0.902,3.002
88,82,-1.551,2.253
88,84,-2.203,1.502
88,86,-2.857,0.75
88,88,-3.511,0
88,90,-4.165,-0.747
88,92,-4.818,-1.49
88,94,-5.467,-2.226
88,96,-6.112,-2.954
88,98,-6.751,-3.674
88,100,-7.383,-4.381
88,102,-8.008,-5.076
88,104,-8.622,-5.756
88,106,-9.225,-6.421
88,108,-9.816,-7.07
88,110,-10.393,-7.699
88,112,-10.954,-8.307
88,114,-11.498,-8.894
88,116,-12.024,-9.457
88,118,-12.529,-9.995
88,120,-13.011,-10.507
88,122,-13.47,-10.992
88,124,-13.904,-11.447
88,126,-14.309,-11.87
88,128,-14.685,-12.26
90,0,10.515,17.529
90,2,10.57,17.589
90,4,10.614,17.637
90,6,10.644,17.671
90,8,10.661,17.692
90,10,10.667,17.697
90,12,10.659,17.687
90,14,10.635,17.662
90,16,10.597,17.619
90,18,10.544,17.56
90,20,10.475,17.483
90,22,10.387,17.385
90,24,10.282,17.268
90,26,10.158,17.129
90,28,10.014,16.969
90,30,9.849,16.784
90,32,9.662,16.575
90,34,9.452,16.34
90,36,9.219,16.078
90,38,8.963,15.79
90,40,8.682,15.472
90,42,8.376,15.127
90,44,8.043,14.752
90,46,7.686,14.346
90,48,7.303,13.912
90,50,6.895,13.448
90,52,6.462,12.955
90,54,6.005,12.433
90,56,5.526,11.884
90,58,5.024,11.31
90,60,4.502,10.711
90,62,3.961,10.088
90,64,3.401,9.444
90,66,2.824,8.78
90,68,2.234,8.099
90,70,1.629,7.402
90,72,1.013,6.691
90,74,0.386,5.969
90,76,-0.249,5.237
90,78,-0.891,4.497
90,80,-1.54,3.751
90,82,-2.193,3.001
90,84,-2.849,2.25
90,86,-3.507,1.497
90,88,-4.165,0.747
90,90,-4.824,0
90,92,-5.479,-0.743
90,94,-6.131,-1.479
90,96,-6.778,-2.206
90,98,-7.42,-2.923
90,100,-8.055,-3.631
90,102,-8.681,-4.324
90,104,-9.297,-5.004
90,106,-9.902,-5.668
90,108,-10.494,-6.314
90,110,-11.072,-6.941
90,112,-11.633,-7.548
90,114,-12.178,-8.132
90,116,-12.703,-8.693
90,118,-13.209,-9.23
90,120,-13.691,-9.739
90,122,-14.149,-10.221
90,124,-14.58,-10.672
90,126,-14.985,-11.093
90,128,-15.36,-11.48
92,0,9.928,18.254
92,2,9.985,18.316
92,4,10.03,18.366
92,6,10.063,18.404
92,8,10.085,18.427
92,10,10.092,18.434
92,12,10.086,18.428
92,14,10.066,18.405
92,16,10.029,18.365
92,18,9.978,18.31
92,20,9.91,18.234
92,22,9.826,18.14
92,24,9.722,18.025
92,26,9.6,17.888
92,28,9.456,17.73
92,30,9.292,17.547
92,32,9.106,17.341
92,34,8.896,17.108
92,36,8.665,16.848
92,38,8.407,16.561
92,40,8.125,16.245
92,42,7.817,15.899
92,44,7.483,15.524
92,46,7.123,15.119
92,48,6.737,14.684
92,50,6.327,14.219
92,52,5.891,13.725
92,54,5.43,13.202
92,56,4.946,12.652
92,58,4.439,12.075
92,60,3.913,11.474
92,62,3.367,10.849
92,64,2.802,10.203
92,66,2.22,9.538
92,68,1.625,8.855
92,70,1.015,8.156
92,72,0.394,7.443
92,74,-0.237,6.719
92,76,-0.878,5.985
92,78,-1.524,5.243
92,80,-2.177,4.496
92,82,-2.834,3.746
92,84,-3.495,2.993
92,86,-4.156,2.241
92,88,-4.818,1.49
92,90,-5.479,0.743
92,92,-6.138,0
92,94,-6.793,-0.736
92,96,-7.443,-1.463
92,98,-8.087,-2.181
92,100,-8.723,-2.886
92,102,-9.351,-3.579
92,104,-9.969,-4.258
92,106,-10.574,-4.919
92,108,-11.167,-5.565
92,110,-11.746,-6.19
92,112,-12.308,-6.795
92,114,-12.853,-7.378
92,116,-13.378,-7.937
92,118,-13.882,-8.471
92,120,-14.365,-8.978
92,122,-14.821,-9.457
92,124,-15.252,-9.907
92,126,-15.655,-10.324
92,128,-16.027,-10.709
94,0,9.339,18.977
94,2,9.399,19.042
94,4,9.447,19.096
94,6,9.484,19.135
94,8,9.507,19.16
94,10,9.516,19.171
94,12,9.512,19.167
94,14,9.495,19.147
94,16,9.462,19.111
94,18,9.413,19.057
94,20,9.346,18.984
94,22,9.263,18.892
94,24,9.162,18.781
94,26,9.041,18.647
94,28,8.899,18.491
94,30,8.735,18.311
94,32,8.55,18.105
94,34,8.342,17.874
94,36,8.108,17.616
94,38,7.851,17.33
94,40,7.567,17.015
94,42,7.259,16.669
94,44,6.923,16.294
94,46,6.561,15.889
94,48,6.173,15.454
94,50,5.759,14.988
94,52,5.318,14.493
94,54,4.855,13.968
94,56,4.367,13.416
94,58,3.856,12.838
94,60,3.324,12.234
94,62,2.774,11.607
94,64,2.204,10.959
94,66,1.618,10.291
94,68,1.017,9.605
94,70,0.403,8.904
94,72,-0.224,8.19
94,74,-0.859,7.463
94,76,-1.503,6.728
94,78,-2.155,5.985
94,80,-2.812,5.237
94,82,-3.473,4.485
94,84,-4.137,3.731
94,86,-4.802,2.978
94,88,-5.467,2.226
94,90,-6.131,1.479
94,92,-6.793,0.736
94,94,-7.45,0
94,96,-8.103,-0.727
94,98,-8.749,-1.444
94,100,-9.387,-2.149
94,102,-10.017,-2.841
94,104,-10.635,-3.518
94,106,-11.242,-4.18
94,108,-11.835,-4.823
94,110,-12.414,-5.448
94,112,-12.977,-6.051
94,114,-13.521,-6.632
94,116,-14.047,-7.19
94,118,-14.55,-7.721
94,120,-15.031,-8.227
94,122,-15.488,-8.704
94,124,-15.917,-9.151
94,126,-16.318,-9.567
94,128,-16.688,-9.949
96,0,8.753,19.699
96,2,8.814,19.766
96,4,8.865,19.822
96,6,8.904,19.864
96,8,8.929,19.892
96,10,8.943,19.905
96,12,8.941,19.904
96,14,8.925,19.887
96,16,8.895,19.853
96,18,8.847,19.802
96,20,8.784,19.732
96,22,8.703,19.643
96,24,8.603,19.533
96,26,8.483,19.402
96,28,8.343,19.248
96,30,8.181,19.071
96,32,7.997,18.867
96,34,7.788,18.638
96,36,7.555,18.381
96,38,7.297,18.095
96,40,7.013,17.781
96,42,6.702,17.437
96,44,6.365,17.062
96,46,6.001,16.656
96,48,5.61,16.219
96,50,5.193,15.752
96,52,4.749,15.256
96,54,4.281,14.73
96,56,3.789,14.175
96,58,3.274,13.595
96,60,2.738,12.989
96,62,2.182,12.36
96,64,1.608,11.709
96,66,1.017,11.039
96,68,0.412,10.351
96,70,-0.207,9.646
96,72,-0.838,8.93
96,74,-1.477,8.202
96,76,-2.126,7.464
96,78,-2.782,6.72
96,80,-3.443,5.969
96,82,-4.108,5.216
96,84,-4.776,4.461
96,86,-5.444,3.707
96,88,-6.112,2.954
96,90,-6.778,2.206
96,92,-7.443,1.463
96,94,-8.103,0.727
96,96,-8.757,0
96,98,-9.405,-0.716
96,100,-10.044,-1.422
96,102,-10.675,-2.113
96,104,-11.295,-2.79
96,106,-11.903,-3.451
96,108,-12.497,-4.093
96,110,-13.075,-4.716
96,112,-13.638,-5.318
96,114,-14.183,-5.897
96,116,-14.707,-6.453
96,118,-15.21,-6.983
96,120,-15.691,-7.486
96,122,-16.145,-7.961
96,124,-16.573,-8.406
96,126,-16.972,-8.82
96,128,-17.341,-9.2
98,0,8.168,20.416
98,2,8.232,20.486
98,4,8.286,20.544
98,6,8.327,20.588
98,8,8.355,20.618
98,10,8.37,20.635
98,12,8.371,20.637
98,14,8.358,20.623
98,16,8.329,20.591
98,18,8.284,20.543
98,20,8.223,20.476
98,22,8.144,20.39
98,24,8.046,20.283
98,26,7.929,20.153
98,28,7.789,20.001
98,30,7.629,19.825
98,32,7.445,19.624
98,34,7.236,19.397
98,36,7.003,19.141
98,38,6.745,18.856
98,40,6.461,18.542
98,42,6.148,18.198
98,44,5.809,17.823
98,46,5.442,17.417
98,48,5.05,16.98
98,50,4.629,16.511
98,52,4.182,16.013
98,54,3.71,15.485
98,56,3.214,14.929
98,58,2.695,14.346
98,60,2.155,13.737
98,62,1.595,13.106
98,64,1.015,12.452
98,66,0.42,11.779
98,68,-0.191,11.088
98,70,-0.814,10.381
98,72,-1.449,9.663
98,74,-2.094,8.932
98,76,-2.746,8.192
98,78,-3.406,7.445
98,80,-4.07,6.693
98,82,-4.739,5.939
98,84,-5.408,5.182
98,86,-6.08,4.426
98,88,-6.751,3.674
98,90,-7.42,2.923
98,92,-8.087,2.181
98,94,-8.749,1.444
98,96,-9.405,0.716
98,98,-10.053,0
98,100,-10.695,-0.704
98,102,-11.326,-1.396
98,104,-11.947,-2.073
98,106,-12.556,-2.732
98,108,-13.15,-3.373
98,110,-13.729,-3.995
98,112,-14.291,-4.596
98,114,-14.835,-5.174
98,116,-15.36,-5.729
98,118,-15.861,-6.257
98,120,-16.34,-6.758
98,122,-16.793,-7.231
98,124,-17.22,-7.674
98,126,-17.618,-8.086
98,128,-17.985,-8.463
100,0,7.586,21.127
100,2,7.653,21.2
100,4,7.709,21.26
100,6,7.753,21.307
100,8,7.783,21.34
100,10,7.8,21.359
100,12,7.804,21.363
100,14,7.794,21.351
100,16,7.768,21.324
100,18,7.725,21.278
100,20,7.665,21.213
100,22,7.589,21.129
100,24,7.492,21.025
100,26,7.377,20.898
100,28,7.239,20.748
100,30,7.078,20.575
100,32,6.895,20.376
100,34,6.688,20.149
100,36,6.455,19.894
100,38,6.196,19.611
100,40,5.911,19.298
100,42,5.598,18.954
100,44,5.257,18.579
100,46,4.889,18.171
100,48,4.492,17.733
100,50,4.069,17.263
100,52,3.619,16.763
100,54,3.143,16.233
100,56,2.643,15.674
100,58,2.121,15.089
100,60,1.576,14.477
100,62,1.01,13.842
100,64,0.427,13.186
100,66,-0.173,12.51
100,68,-0.788,11.816
100,70,-1.415,11.108
100,72,-2.054,10.385
100,74,-2.703,9.652
100,76,-3.36,8.909
100,78,-4.024,8.161
100,80,-4.691,7.406
100,82,-5.362,6.65
100,84,-6.035,5.893
100,86,-6.71,5.135
100,88,-7.383,4.381
100,90,-8.055,3.631
100,92,-8.723,2.886
100,94,-9.387,2.149
100,96,-10.044,1.422
100,98,-10.695,0.704
100,100,-11.337,0
100,102,-11.97,-0.691
100,104,-12.591,-1.367
100,106,-13.199,-2.026
100,108,-13.793,-2.666
100,110,-14.373,-3.288
100,112,-14.934,-3.887
100,114,-15.478,-4.464
100,116,-16.002,-5.018
100,118,-16.502,-5.545
100,120,-16.98,-6.045
100,122,-17.431,-6.515
100,124,-17.857,-6.957
100,126,-18.252,-7.366
100,128,-18.617,-7.741
102,0,7.009,21.831
102,2,7.078,21.907
102,4,7.137,21.969
102,6,7.183,22.018
102,8,7.216,22.054
102,10,7.236,22.076
102,12,7.242,22.083
102,14,7.233,22.074
102,16,7.21,22.048
102,18,7.169,22.005
102,20,7.113,21.943
102,22,7.037,21.862
102,24,6.943,21.76
102,26,6.829,21.635
102,28,6.692,21.488
102,30,6.534,21.316
102,32,6.352,21.118
102,34,6.144,20.894
102,36,5.913,20.64
102,38,5.652,20.358
102,40,5.366,20.044
102,42,5.053,19.701
102,44,4.711,19.324
102,46,4.34,18.917
102,48,3.94,18.477
102,50,3.514,18.005
102,52,3.061,17.503
102,54,2.582,16.971
102,56,2.077,16.41
102,58,1.55,15.821
102,60,1.002,15.207
102,62,0.432,14.569
102,64,-0.155,13.91
102,66,-0.761,13.23
102,68,-1.379,12.534
102,70,-2.01,11.822
102,72,-2.654,11.097
102,74,-3.307,10.361
102,76,-3.966,9.616
102,78,-4.633,8.864
102,80,-5.305,8.109
102,82,-5.979,7.35
102,84,-6.655,6.591
102,86,-7.332,5.832
102,88,-8.008,5.076
102,90,-8.681,4.324
102,92,-9.351,3.579
102,94,-10.017,2.841
102,96,-10.675,2.113
102,98,-11.326,1.396
102,100,-11.97,0.691
102,102,-12.602,0
102,104,-13.224,-0.676
102,106,-13.833,-1.334
102,108,-14.427,-1.974
102,110,-15.005,-2.595
102,112,-15.567,-3.194
102,114,-16.109,-3.77
102,116,-16.631,-4.321
102,118,-17.131,-4.847
102,120,-17.607,-5.346
102,122,-18.058,-5.815
102,124,-18.481,-6.255
102,126,-18.875,-6.662
102,128,-19.239,-7.036
104,0,6.437,22.526
104,2,6.51,22.603
104,4,6.57,22.669
104,6,6.617,22.72
104,8,6.654,22.759
104,10,6.676,22.784
104,12,6.685,22.793
104,14,6.679,22.786
104,16,6.657,22.763
104,18,6.62,22.723
104,20,6.566,22.664
104,22,6.492,22.585
104,24,6.399,22.485
104,26,6.286,22.364
104,28,6.151,22.218
104,30,5.994,22.048
104,32,5.813,21.852
104,34,5.606,21.628
104,36,5.374,21.376
104,38,5.115,21.094
104,40,4.828,20.781
104,42,4.513,20.437
104,44,4.168,20.061
104,46,3.796,19.651
104,48,3.394,19.211
104,50,2.965,18.737
104,52,2.509,18.233
104,54,2.025,17.698
104,56,1.518,17.134
104,58,0.987,16.542
104,60,0.433,15.925
104,62,-0.14,15.283
104,64,-0.732,14.62
104,66,-1.34,13.938
104,68,-1.963,13.238
104,70,-2.599,12.523
104,72,-3.245,11.795
104,74,-3.902,11.056
104,76,-4.566,10.309
104,78,-5.235,9.555
104,80,-5.91,8.797
104,82,-6.587,8.035
104,84,-7.266,7.274
104,86,-7.945,6.514
104,88,-8.622,5.756
104,90,-9.297,5.004
104,92,-9.969,4.258
104,94,-10.635,3.518
104,96,-11.295,2.79
104,98,-11.947,2.073
104,100,-12.591,1.367
104,102,-13.224,0.676
104,104,-13.845,0
104,106,-14.455,-0.658
104,108,-15.047,-1.298
104,110,-15.627,-1.918
104,112,-16.187,-2.517
104,114,-16.728,-3.092
104,116,-17.249,-3.643
104,118,-17.748,-4.167
104,120,-18.222,-4.665
104,122,-18.672,-5.133
104,124,-19.093,-5.57
104,126,-19.484,-5.976
104,128,-19.845,-6.348
106,0,5.872,23.21
106,2,5.947,23.29
106,4,6.009,23.358
106,6,6.06,23.413
106,8,6.098,23.453
106,10,6.123,23.48
106,12,6.135,23.493
106,14,6.131,23.488
106,16,6.112,23.467
106,18,6.076,23.43
106,20,6.023,23.373
106,22,5.952,23.297
106,24,5.862,23.199
106,26,5.75,23.08
106,28,5.617,22.937
106,30,5.462,22.769
106,32,5.28,22.574
106,34,5.076,22.352
106,36,4.843,22.1
106,38,4.584,21.819
106,40,4.296,21.506
106,42,3.979,21.162
106,44,3.634,20.785
106,46,3.259,20.374
106,48,2.855,19.931
106,50,2.423,19.457
106,52,1.964,18.949
106,54,1.477,18.412
106,56,0.966,17.845
106,58,0.431,17.25
106,60,-0.127,16.63
106,62,-0.705,15.985
106,64,-1.3,15.318
106,66,-1.912,14.633
106,68,-2.539,13.929
106,70,-3.178,13.211
106,72,-3.829,12.479
106,74,-4.488,11.738
106,76,-5.155,10.987
106,78,-5.828,10.23
106,80,-6.504,9.469
106,82,-7.184,8.707
106,84,-7.866,7.942
106,86,-8.546,7.18
106,88,-9.225,6.421
106,90,-9.902,5.668
106,92,-10.574,4.919
106,94,-11.242,4.18
106,96,-11.903,3.451
106,98,-12.556,2.732
106,100,-13.199,2.026
106,102,-13.833,1.334
106,104,-14.455,0.658
106,106,-15.062,0
106,108,-15.655,-0.64
106,110,-16.233,-1.259
106,112,-16.793,-1.857
106,114,-17.333,-2.431
106,116,-17.852,-2.981
106,118,-18.35,-3.505
106,120,-18.823,-4.002
106,122,-19.27,-4.469
106,124,-19.69,-4.904
106,126,-20.08,-5.309
106,128,-20.438,-5.678
108,0,5.316,23.883
108,2,5.392,23.965
108,4,5.457,24.035
108,6,5.511,24.092
108,8,5.55,24.136
108,10,5.577,24.164
108,12,5.591,24.179
108,14,5.59,24.177
108,16,5.573,24.16
108,18,5.541,24.125
108,20,5.49,24.07
108,22,5.421,23.997
108,24,5.332,23.902
108,26,5.223,23.783
108,28,5.091,23.642
108,30,4.935,23.476
108,32,4.757,23.283
108,34,4.551,23.062
108,36,4.319,22.811
108,38,4.06,22.53
108,40,3.771,22.218
108,42,3.454,21.873
108,44,3.108,21.494
108,46,2.73,21.083
108,48,2.324,20.639
108,50,1.889,20.161
108,52,1.427,19.653
108,54,0.938,19.111
108,56,0.423,18.541
108,58,-0.117,17.943
108,60,-0.677,17.32
108,62,-1.259,16.671
108,64,-1.859,16.001
108,66,-2.475,15.311
108,68,-3.105,14.604
108,70,-3.748,13.882
108,72,-4.402,13.147
108,74,-5.065,12.402
108,76,-5.734,11.649
108,78,-6.409,10.89
108,80,-7.089,10.127
108,82,-7.77,9.36
108,84,-8.453,8.594
108,86,-9.135,7.83
108,88,-9.816,7.07
108,90,-10.494,6.314
108,92,-11.167,5.565
108,94,-11.835,4.823
108,96,-12.497,4.093
108,98,-13.15,3.373
108,100,-13.793,2.666
108,102,-14.427,1.974
108,104,-15.047,1.298
108,106,-15.655,0.64
108,108,-16.248,0
108,110,-16.825,-0.619
108,112,-17.384,-1.217
108,114,-17.923,-1.791
108,116,-18.441,-2.341
108,118,-18.936,-2.863
108,120,-19.408,-3.359
108,122,-19.853,-3.824
108,124,-20.27,-4.259
108,126,-20.658,-4.661
108,128,-21.015,-5.03
110,0,4.768,24.541
110,2,4.847,24.626
110,4,4.914,24.698
110,6,4.969,24.757
110,8,5.012,24.803
110,10,5.042,24.834
110,12,5.058,24.852
110,14,5.058,24.853
110,16,5.044,24.838
110,18,5.013,24.805
110,20,4.965,24.752
110,22,4.899,24.681
110,24,4.811,24.588
110,26,4.704,24.474
110,28,4.573,24.334
110,30,4.42,24.17
110,32,4.242,23.977
110,34,4.037,23.757
110,36,3.805,23.508
110,38,3.545,23.227
110,40,3.256,22.914
110,42,2.939,22.568
110,44,2.59,22.19
110,46,2.211,21.777
110,48,1.803,21.33
110,50,1.366,20.851
110,52,0.9,20.338
110,54,0.408,19.795
110,56,-0.112,19.222
110,58,-0.654,18.62
110,60,-1.219,17.992
110,62,-1.803,17.341
110,64,-2.407,16.666
110,66,-3.026,15.972
110,68,-3.66,15.261
110,70,-4.306,14.536
110,72,-4.963,13.798
110,74,-5.628,13.05
110,76,-6.301,12.293
110,78,-6.979,11.531
110,80,-7.66,10.764
110,82,-8.343,9.996
110,84,-9.027,9.227
110,86,-9.711,8.461
110,88,-10.393,7.699
110,90,-11.072,6.941
110,92,-11.746,6.19
110,94,-12.414,5.448
110,96,-13.075,4.716
110,98,-13.729,3.995
110,100,-14.373,3.288
110,102,-15.005,2.595
110,104,-15.627,1.918
110,106,-16.233,1.259
110,108,-16.825,0.619
110,110,-17.4,0
110,112,-17.957,-0.597
110,114,-18.496,-1.171
110,116,-19.012,-1.72
110,118,-19.506,-2.242
110,120,-19.976,-2.736
110,122,-20.419,-3.201
110,124,-20.835,-3.635
110,126,-21.219,-4.037
110,128,-21.573,-4.404
112,0,4.231,25.184
112,2,4.311,25.271
112,4,4.381,25.345
112,6,4.438,25.406
112,8,4.484,25.455
112,10,4.516,25.489
112,12,4.533,25.508
112,14,4.537,25.511
112,16,4.525,25.499
112,18,4.497,25.469
112,20,4.45,25.42
112,22,4.385,25.35
112,24,4.3,25.259
112,26,4.194,25.146
112,28,4.066,25.008
112,30,3.913,24.845
112,32,3.736,24.655
112,34,3.533,24.436
112,36,3.301,24.187
112,38,3.041,23.907
112,40,2.752,23.594
112,42,2.433,23.248
112,44,2.083,22.868
112,46,1.702,22.454
112,48,1.292,22.005
112,50,0.852,21.523
112,52,0.384,21.008
112,54,-0.112,20.461
112,56,-0.634,19.883
112,58,-1.179,19.279
112,60,-1.747,18.646
112,62,-2.336,17.99
112,64,-2.943,17.313
112,66,-3.566,16.615
112,68,-4.202,15.9
112,70,-4.851,15.171
112,72,-5.511,14.429
112,74,-6.178,13.678
112,76,-6.853,12.918
112,78,-7.533,12.152
112,80,-8.216,11.382
112,82,-8.902,10.611
112,84,-9.587,9.841
112,86,-10.272,9.072
112,88,-10.954,8.307
112,90,-11.633,7.548
112,92,-12.308,6.795
112,94,-12.977,6.051
112,96,-13.638,5.318
112,98,-14.291,4.596
112,100,-14.934,3.887
112,102,-15.567,3.194
112,104,-16.187,2.517
112,106,-16.793,1.857
112,108,-17.384,1.217
112,110,-17.957,0.597
112,112,-18.514,0
112,114,-19.051,-0.574
112,116,-19.566,-1.122
112,118,-20.058,-1.644
112,120,-20.525,-2.137
112,122,-20.966,-2.602
112,124,-21.379,-3.034
112,126,-21.763,-3.434
112,128,-22.115,-3.801
114,0,3.705,25.81
114,2,3.788,25.899
114,4,3.86,25.975
114,6,3.92,26.039
114,8,3.968,26.089
114,10,4.002,26.126
114,12,4.022,26.147
114,14,4.028,26.153
114,16,4.018,26.143
114,18,3.991,26.115
114,20,3.947,26.068
114,22,3.885,26
114,24,3.801,25.912
114,26,3.698,25.801
114,28,3.57,25.666
114,30,3.42,25.504
114,32,3.243,25.315
114,34,3.039,25.097
114,36,2.809,24.848
114,38,2.549,24.568
114,40,2.26,24.255
114,42,1.94,23.908
114,44,1.588,23.526
114,46,1.206,23.11
114,48,0.793,22.659
114,50,0.352,22.175
114,52,-0.12,21.656
114,54,-0.619,21.106
114,56,-1.144,20.526
114,58,-1.691,19.917
114,60,-2.264,19.281
114,62,-2.855,18.621
114,64,-3.465,17.939
114,66,-4.09,17.238
114,68,-4.731,16.519
114,70,-5.382,15.785
114,72,-6.044,15.039
114,74,-6.714,14.284
114,76,-7.39,13.521
114,78,-8.072,12.752
114,80,-8.757,11.979
114,82,-9.443,11.206
114,84,-10.13,10.432
114,86,-10.815,9.661
114,88,-11.498,8.894
114,90,-12.178,8.132
114,92,-12.853,7.378
114,94,-13.521,6.632
114,96,-14.183,5.897
114,98,-14.835,5.174
114,100,-15.478,4.464
114,102,-16.109,3.77
114,104,-16.728,3.092
114,106,-17.333,2.431
114,108,-17.923,1.791
114,110,-18.496,1.171
114,112,-19.051,0.574
114,114,-19.585,0
114,116,-20.099,-0.548
114,118,-20.588,-1.07
114,120,-21.054,-1.563
114,122,-21.493,-2.027
114,124,-21.903,-2.459
114,126,-22.285,-2.858
114,128,-22.635,-3.222
116,0,3.193,26.416
116,2,3.279,26.507
116,4,3.353,26.585
116,6,3.414,26.651
116,8,3.465,26.705
116,10,3.5,26.743
116,12,3.523,26.767
116,14,3.532,26.776
116,16,3.523,26.767
116,18,3.499,26.742
116,20,3.457,26.697
116,22,3.397,26.631
116,24,3.315,26.545
116,26,3.213,26.436
116,28,3.087,26.302
116,30,2.937,26.141
116,32,2.763,25.953
116,34,2.56,25.737
116,36,2.329,25.489
116,38,2.07,25.209
116,40,1.78,24.895
116,42,1.458,24.547
116,44,1.107,24.164
116,46,0.724,23.746
116,48,0.309,23.293
116,50,-0.135,22.806
116,52,-0.609,22.285
116,54,-1.111,21.731
116,56,-1.638,21.147
116,58,-2.19,20.534
116,60,-2.764,19.893
116,62,-3.36,19.229
116,64,-3.972,18.544
116,66,-4.6,17.837
116,68,-5.243,17.114
116,70,-5.898,16.377
116,72,-6.561,15.628
116,74,-7.233,14.869
116,76,-7.911,14.101
116,78,-8.594,13.329
116,80,-9.279,12.553
116,82,-9.968,11.777
116,84,-10.655,11
116,86,-11.34,10.227
116,88,-12.024,9.457
116,90,-12.703,8.693
116,92,-13.378,7.937
116,94,-14.047,7.19
116,96,-14.707,6.453
116,98,-15.36,5.729
116,100,-16.002,5.018
116,102,-16.631,4.321
116,104,-17.249,3.643
116,106,-17.852,2.981
116,108,-18.441,2.341
116,110,-19.012,1.72
116,112,-19.566,1.122
116,114,-20.099,0.548
116,116,-20.61,0
116,118,-21.098,-0.522
116,120,-21.561,-1.014
116,122,-21.999,-1.476
116,124,-22.408,-1.908
116,126,-22.785,-2.307
116,128,-23.133,-2.671
118,0,2.697,27.001
118,2,2.785,27.094
118,4,2.861,27.175
118,6,2.925,27.243
118,8,2.975,27.299
118,10,3.015,27.339
118,12,3.039,27.365
118,14,3.049,27.376
118,16,3.044,27.371
118,18,3.022,27.347
118,20,2.981,27.304
118,22,2.922,27.242
118,24,2.843,27.156
118,26,2.742,27.049
118,28,2.618,26.917
118,30,2.471,26.758
118,32,2.297,26.571
118,34,2.095,26.355
118,36,1.865,26.106
118,38,1.606,25.826
118,40,1.315,25.513
118,42,0.994,25.164
118,44,0.641,24.78
118,46,0.255,24.36
118,48,-0.161,23.905
118,50,-0.608,23.414
118,52,-1.084,22.89
118,54,-1.588,22.332
118,56,-2.118,21.744
118,58,-2.673,21.127
118,60,-3.249,20.483
118,62,-3.848,19.814
118,64,-4.462,19.123
118,66,-5.094,18.413
118,68,-5.738,17.686
118,70,-6.394,16.945
118,72,-7.06,16.192
118,74,-7.734,15.429
118,76,-8.412,14.658
118,78,-9.097,13.882
118,80,-9.784,13.104
118,82,-10.472,12.324
118,84,-11.159,11.544
118,86,-11.846,10.767
118,88,-12.529,9.995
118,90,-13.209,9.23
118,92,-13.882,8.471
118,94,-14.55,7.721
118,96,-15.21,6.983
118,98,-15.861,6.257
118,100,-16.502,5.545
118,102,-17.131,4.847
118,104,-17.748,4.167
118,106,-18.35,3.505
118,108,-18.936,2.863
118,110,-19.506,2.242
118,112,-20.058,1.644
118,114,-20.588,1.07
118,116,-21.098,0.522
118,118,-21.584,0
118,120,-22.045,-0.492
118,122,-22.48,-0.955
118,124,-22.886,-1.386
118,126,-23.264,-1.784
118,128,-23.608,-2.147
120,0,2.219,27.564
120,2,2.308,27.659
120,4,2.385,27.742
120,6,2.451,27.813
120,8,2.504,27.869
120,10,2.545,27.912
120,12,2.572,27.941
120,14,2.584,27.954
120,16,2.58,27.95
120,18,2.56,27.929
120,20,2.522,27.888
120,22,2.464,27.827
120,24,2.388,27.745
120,26,2.288,27.639
120,28,2.166,27.507
120,30,2.019,27.35
120,32,1.847,27.164
120,34,1.645,26.949
120,36,1.416,26.701
120,38,1.156,26.421
120,40,0.865,26.106
120,42,0.544,25.756
120,44,0.189,25.37
120,46,-0.196,24.948
120,48,-0.615,24.491
120,50,-1.063,23.998
120,52,-1.542,23.47
120,54,-2.047,22.908
120,56,-2.58,22.317
120,58,-3.138,21.696
120,60,-3.717,21.047
120,62,-4.317,20.373
120,64,-4.934,19.679
120,66,-5.568,18.965
120,68,-6.214,18.233
120,70,-6.872,17.487
120,72,-7.539,16.73
120,74,-8.213,15.962
120,76,-8.895,15.188
120,78,-9.579,14.409
120,80,-10.266,13.627
120,82,-10.954,12.844
120,84,-11.643,12.061
120,86,-12.328,11.283
120,88,-13.011,10.507
120,90,-13.691,9.739
120,92,-14.365,8.978
120,94,-15.031,8.227
120,96,-15.691,7.486
120,98,-16.34,6.758
120,100,-16.98,6.045
120,102,-17.607,5.346
120,104,-18.222,4.665
120,106,-18.823,4.002
120,108,-19.408,3.359
120,110,-19.976,2.736
120,112,-20.525,2.137
120,114,-21.054,1.563
120,116,-21.561,1.014
120,118,-22.045,0.492
120,120,-22.504,0
120,122,-22.936,-0.463
120,124,-23.341,-0.892
120,126,-23.716,-1.291
120,128,-24.058,-1.653
122,0,1.758,28.102
122,2,1.848,28.2
122,4,1.927,28.284
122,6,1.995,28.356
122,8,2.051,28.415
122,10,2.094,28.461
122,12,2.122,28.492
122,14,2.136,28.506
122,16,2.134,28.505
122,18,2.115,28.485
122,20,2.08,28.447
122,22,2.025,28.388
122,24,1.949,28.307
122,26,1.852,28.203
122,28,1.731,28.073
122,30,1.585,27.917
122,32,1.413,27.732
122,34,1.213,27.517
122,36,0.984,27.27
122,38,0.725,26.989
122,40,0.435,26.674
122,42,0.112,26.323
122,44,-0.243,25.935
122,46,-0.63,25.511
122,48,-1.05,25.051
122,50,-1.499,24.555
122,52,-1.98,24.023
122,54,-2.489,23.459
122,56,-3.023,22.863
122,58,-3.583,22.236
122,60,-4.165,21.584
122,62,-4.766,20.906
122,64,-5.385,20.207
122,66,-6.02,19.487
122,68,-6.669,18.752
122,70,-7.327,18.002
122,72,-7.997,17.241
122,74,-8.673,16.47
122,76,-9.353,15.691
122,78,-10.038,14.909
122,80,-10.725,14.123
122,82,-11.414,13.336
122,84,-12.102,12.551
122,86,-12.788,11.769
122,88,-13.47,10.992
122,90,-14.149,10.221
122,92,-14.821,9.457
122,94,-15.488,8.704
122,96,-16.145,7.961
122,98,-16.793,7.231
122,100,-17.431,6.515
122,102,-18.058,5.815
122,104,-18.672,5.133
122,106,-19.27,4.469
122,108,-19.853,3.824
122,110,-20.419,3.201
122,112,-20.966,2.602
122,114,-21.493,2.027
122,116,-21.999,1.476
122,118,-22.48,0.955
122,120,-22.936,0.463
122,122,-23.367,0
122,124,-23.769,-0.43
122,126,-24.141,-0.827
122,128,-24.482,-1.189
124,0,1.318,28.614
124,2,1.409,28.713
124,4,1.491,28.8
124,6,1.561,28.875
124,8,1.617,28.936
124,10,1.661,28.983
124,12,1.691,29.016
124,14,1.708,29.032
124,16,1.708,29.032
124,18,1.691,29.015
124,20,1.657,28.978
124,22,1.604,28.922
124,24,1.531,28.842
124,26,1.434,28.739
124,28,1.315,28.611
124,30,1.171,28.456
124,32,1,28.272
124,34,0.801,28.058
124,36,0.572,27.81
124,38,0.313,27.529
124,40,0.023,27.213
124,42,-0.3,26.861
124,44,-0.656,26.472
124,46,-1.044,26.045
124,48,-1.465,25.581
124,50,-1.916,25.083
124,52,-2.399,24.548
124,54,-2.909,23.979
124,56,-3.446,23.379
124,58,-4.007,22.749
124,60,-4.591,22.092
124,62,-5.194,21.41
124,64,-5.816,20.706
124,66,-6.452,19.983
124,68,-7.101,19.242
124,70,-7.761,18.489
124,72,-8.431,17.722
124,74,-9.108,16.948
124,76,-9.789,16.166
124,78,-10.475,15.38
124,80,-11.162,14.59
124,82,-11.85,13.8
124,84,-12.537,13.012
124,86,-13.221,12.226
124,88,-13.904,11.447
124,90,-14.58,10.672
124,92,-15.252,9.907
124,94,-15.917,9.151
124,96,-16.573,8.406
124,98,-17.22,7.674
124,100,-17.857,6.957
124,102,-18.481,6.255
124,104,-19.093,5.57
124,106,-19.69,4.904
124,108,-20.27,4.259
124,110,-20.835,3.635
124,112,-21.379,3.034
124,114,-21.903,2.459
124,116,-22.408,1.908
124,118,-22.886,1.386
124,120,-23.341,0.892
124,122,-23.769,0.43
124,124,-24.169,0
124,126,-24.538,-0.397
124,128,-24.876,-0.758
126,0,0.9,29.098
126,2,0.994,29.198
126,4,1.075,29.287
126,6,1.146,29.363
126,8,1.205,29.427
126,10,1.251,29.476
126,12,1.283,29.51
126,14,1.3,29.53
126,16,1.303,29.532
126,18,1.288,29.515
126,20,1.255,29.48
126,22,1.204,29.426
126,24,1.133,29.348
126,26,1.037,29.246
126,28,0.92,29.12
126,30,0.777,28.965
126,32,0.608,28.783
126,34,0.409,28.568
126,36,0.181,28.321
126,38,-0.078,28.039
126,40,-0.368,27.723
126,42,-0.691,27.369
126,44,-1.048,26.978
126,46,-1.437,26.549
126,48,-1.859,26.083
126,50,-2.312,25.58
126,52,-2.795,25.042
126,54,-3.307,24.469
126,56,-3.846,23.865
126,58,-4.409,23.231
126,60,-4.994,22.569
126,62,-5.599,21.883
126,64,-6.221,21.175
126,66,-6.859,20.447
126,68,-7.509,19.703
126,70,-8.17,18.944
126,72,-8.84,18.174
126,74,-9.516,17.395
126,76,-10.198,16.609
126,78,-10.883,15.819
126,80,-11.57,15.026
126,82,-12.257,14.233
126,84,-12.944,13.441
126,86,-13.629,12.653
126,88,-14.309,11.87
126,90,-14.985,11.093
126,92,-15.655,10.324
126,94,-16.318,9.567
126,96,-16.972,8.82
126,98,-17.618,8.086
126,100,-18.252,7.366
126,102,-18.875,6.662
126,104,-19.484,5.976
126,106,-20.08,5.309
126,108,-20.658,4.661
126,110,-21.219,4.037
126,112,-21.763,3.434
126,114,-22.285,2.858
126,116,-22.785,2.307
126,118,-23.264,1.784
126,120,-23.716,1.291
126,122,-24.141,0.827
126,124,-24.538,0.397
126,126,-24.906,0
126,128,-25.241,-0.361
128,0,0.506,29.552
128,2,0.601,29.654
128,4,0.684,29.744
128,6,0.756,29.823
128,8,0.816,29.887
128,10,0.864,29.939
128,12,0.898,29.975
128,14,0.917,29.996
128,16,0.921,30
128,18,0.908,29.986
128,20,0.878,29.953
128,22,0.827,29.898
128,24,0.756,29.823
128,26,0.664,29.723
128,28,0.548,29.598
128,30,0.406,29.443
128,32,0.237,29.261
128,34,0.04,29.047
128,36,-0.187,28.8
128,38,-0.446,28.518
128,40,-0.736,28.2
128,42,-1.059,27.844
128,44,-1.416,27.452
128,46,-1.806,27.021
128,48,-2.228,26.552
128,50,-2.684,26.046
128,52,-3.168,25.504
128,54,-3.681,24.927
128,56,-4.221,24.319
128,58,-4.785,23.681
128,60,-5.372,23.015
128,62,-5.978,22.324
128,64,-6.601,21.611
128,66,-7.24,20.879
128,68,-7.89,20.131
128,70,-8.551,19.367
128,72,-9.222,18.593
128,74,-9.898,17.81
128,76,-10.58,17.02
128,78,-11.264,16.226
128,80,-11.951,15.43
128,82,-12.636,14.634
128,84,-13.322,13.838
128,86,-14.005,13.047
128,88,-14.685,12.26
128,90,-15.36,11.48
128,92,-16.027,10.709
128,94,-16.688,9.949
128,96,-17.341,9.2
128,98,-17.985,8.463
128,100,-18.617,7.741
128,102,-19.239,7.036
128,104,-19.845,6.348
128,106,-20.438,5.678
128,108,-21.015,5.03
128,110,-21.573,4.404
128,112,-22.115,3.801
128,114,-22.635,3.222
128,116,-23.133,2.671
128,118,-23.608,2.147
128,120,-24.058,1.653
128,122,-24.482,1.189
128,124,-24.876,0.758
128,126,-25.241,0.361
128,128,-25.575,0
128,128,-25.575,0