,-20,-19.5,-19,-18.5,-18,-17.5,-17,-16.5,-16,-15.5,-15,-14.5,-14,-13.5,-13,-12.5,-12,-11.5,-11,-10.5,-10,-9.5,-9,-8.5,-8,-7.5,-7,-6.5,-6,-5.5,-5,-4.5,-4,-3.5,-3,-2.5,-2,-1.5,-1,-0.5,0,0.5,1,1.5,2,2.5,3,3.5,4,4.5,5,5.5,6,6.5,7,7.5,8,8.5,9,9.5,10,10.5,11,11.5,12,12.5,13,13.5,14,14.5,15,15.5,16,16.5,17,17.5,18,18.5,19,19.5,20
-28,,,,,,,,,,,,,,,,,,,,,,,,,,,,,,,,,,,,,,,,,,,,,,,,,,,,,,,,,,,,,,,,,,,,,,,,,,,,,,,,,
-27.5,,,,,,,,,,,,,,,,,,,,,,,,,,,,,,,,,,,,,,,,,,,,,,,,,,,,,,,,,,,,,,,,,,,,,,,,,,,,,,,,,
-27,,,,,,,,,,,,,,,,,,,,,,,,,,,,,,,,,,,,,,,,,,159.3981877,,,,,,,,,,,,,,,,,,,,,,,,,,,,,,,,,,,,,,,
-26.5,,,,,,,,,,,,,,,,,,,,,,,,,,,,,,,,,,,,,,,,,159.9424808,157.8427988,155.8579206,,,,,,,,,,,,,,,,,,,,,,,,,,,,,,,,,,,,,,
-26,,,,,,,,,,,,,,,,,,,,,,,,,,,,,,,,,,,,,,,,,158.389076,156.359793,154.4247846,152.5688014,,,,,,,,,,,,,,,,,,,,,,,,,,,,,,,,,,,,,
-25.5,,,,,,,,,,,,,,,,,,,,,,,,,,,,,,,,,,,,,,,,158.9493299,156.8742289,154.9020973,153.0369328,151.2405638,,,,,,,,,,,,,,,,,,,,,,,,,,,,,,,,,,,,,
-25,,,,,,,,,,,,,,,,,,,,,,,,,,,,,,,,,,,,,,,159.5229454,157.4008246,155.412405,153.51627,151.6890673,149.9187404,148.2237991,,,,,,,,,,,,,,,,,,,,,,,,,,,,,,,,,,,,
-24.5,,,,,,,,,,,,,,,,,,,,,,,,,,,,,,,,,,,,,,,157.9701088,155.9410135,154.0066094,152.1476778,150.3663539,148.6493889,146.9720018,145.3405426,,,,,,,,,,,,,,,,,,,,,,,,,,,,,,,,,,,
-24,,,,,,,,,,,,,,,,,,,,,,,,,,,,,,,,,,,,,,158.5573517,156.4812165,154.5076444,152.6233433,150.8274208,149.0841224,147.3845164,145.7476691,144.1428123,,,,,,,,,,,,,,,,,,,,,,,,,,,,,,,,,,,
-23.5,,,,,,,,,,,,,,,,,,,,,,,,,,,,,,,,,,,,,159.1588745,157.0351869,155.0265434,153.1246641,151.2979895,149.5276794,147.8173629,146.1631049,144.5395655,142.9570827,141.4092381,,,,,,,,,,,,,,,,,,,,,,,,,,,,,,,,,,
-23,,,,,,,,,,,,,,,,,,,,,,,,,,,,,,,,,,,,159.7723203,157.6087808,155.5725775,153.6377659,151.7780226,149.9844866,148.2633969,146.586645,144.9441049,143.3569798,141.7934436,140.2567259,138.7538886,,,,,,,,,,,,,,,,,,,,,,,,,,,,,,,,,
-22.5,,,,,,,,,,,,,,,,,,,,,,,,,,,,,,,,,,,,158.2151794,156.1365665,154.1606635,152.2676629,150.4605224,148.7177538,147.0179483,145.3681038,143.7642722,142.1846432,140.6441652,139.1282035,137.6299626,,,,,,,,,,,,,,,,,,,,,,,,,,,,,,,,,
-22,,,,,,,,,,,,,,,,,,,,,,,,,,,,,,,,,,,158.8405323,156.7126125,154.6954502,152.777912,150.9511834,149.1803509,147.4603628,145.8018645,144.1786498,142.5858546,141.0384342,139.5089565,138.0076152,136.5294318,135.0633413,,,,,,,,,,,,,,,,,,,,,,,,,,,,,,,,
-21.5,,,,,,,,,,,,,,,,,,,,,,,,,,,,,,,,,,159.4773931,157.3093268,155.2511336,153.3112129,151.4501426,149.6506405,147.9190993,146.2428451,144.5999777,143.0021296,141.4392475,139.8959708,138.3915455,136.9020559,135.4334594,133.9852696,129.7891433,,,,,,,,,,,,,,,,,,,,,,,,,,,,,,,
-21,,,,,,,,,,,,,,,,,,,,,,,,,,,,,,,,,,157.9274981,155.8317877,153.8532296,151.9580949,150.1340381,148.3910417,146.6909517,145.0321477,143.425685,141.8462487,140.2966249,138.7815318,137.2805035,135.8094441,134.3518674,132.910371,131.4858352,,,,,,,,,,,,,,,,,,,,,,,,,,,,,,,
-20.5,,,,,,,,,,,,,,,,,,,,,,,,,,,,,,,,,158.565295,156.4255849,154.4073671,152.4818333,150.6414555,148.870142,147.1462292,145.4782931,143.8556035,142.2601195,140.7062757,139.1772398,137.668497,136.1909891,134.7238289,133.2804293,131.8482136,130.4288599,129.0228035,,,,,,,,,,,,,,,,,,,,,,,,,,,,,,
-20,,,,,,,,,,,,,,,,,,,,,,,,,,,,,,,,159.2211939,157.0290542,154.9775843,153.0233618,151.156734,149.3568147,147.6136969,145.9345623,144.2916525,142.6851979,141.1215337,139.5783618,138.0666234,136.5778485,135.1028553,133.6556576,132.2156139,130.7948206,129.3825479,127.9808411,,,,,,,,,,,,,,,,,,,,,,,,,,,,,,
-19.5,,,,,,,,,,,,,,,,,,,,,,,,,,,,,,,159.8883641,157.6629077,155.5652639,153.5790775,151.679083,149.8563332,148.0972947,146.3969768,144.7354505,143.1212196,141.5422975,139.9878098,138.470311,136.9696723,135.4926263,134.0357929,132.5895131,131.165624,129.7470512,128.3443766,126.9474907,125.559324,,,,,,,,,,,,,,,,,,,,,,,,,,,,,
-19,,,,,,,,,,,,,,,,,,,,,,,,,,,,,,,158.3219459,156.1729466,154.1462814,152.2099794,150.3689497,148.5903119,146.8657564,145.190464,143.5643753,141.9684336,140.4074263,138.8788617,137.3662285,135.8870653,134.420577,132.972304,131.5409365,130.1175673,128.7124022,127.3106756,125.9219455,124.5365577,123.1582575,,,,,,,,,,,,,,,,,,,,,,,,,,,,
-18.5,,,,,,,,,,,,,,,,,,,,,,,,,,,,,,158.9932121,156.7931151,154.7313916,152.7576128,150.8934061,149.0893653,147.3446269,145.6562335,144.0127293,142.4032809,140.8347217,139.2920942,137.7742004,136.2860857,134.8097336,133.3598434,131.9204957,130.4960342,129.0846579,127.6800474,126.2887605,124.8998774,123.5212632,122.1439613,,,,,,,,,,,,,,,,,,,,,,,,,,,,
-18,,,,,,,,,,,,,,,,,,,,,,,,,,,,,159.6770413,157.4181172,155.3317248,153.3300101,151.4289221,149.5943649,147.8342335,146.1304076,144.4659614,142.8473262,141.2669673,139.7103913,138.1890887,136.6892568,135.2068365,133.75147,132.30449,130.8785221,129.4608267,128.0554763,126.6595077,125.2693514,123.8883393,122.5088772,121.1367021,119.7644592,,,,,,,,,,,,,,,,,,,,,,,,,,,
-17.5,,,,,,,,,,,,,,,,,,,,,,,,,,,,,158.0979254,155.9454449,153.9096724,151.9751494,150.1168065,148.3359854,146.6097677,144.9259601,143.2997041,141.7035433,140.1375542,138.6084198,137.096336,135.6122955,134.1469733,132.6951018,131.2647976,129.8405956,128.4346875,127.0339116,125.6434652,124.2590754,122.87955,121.5053857,120.1325088,118.7631008,117.3930463,,,,,,,,,,,,,,,,,,,,,,,,,,
-17,,,,,,,,,,,,,,,,,,,,,,,,,,,,158.7867423,156.5794951,154.5011239,152.5301446,150.6529619,148.8455667,147.0971586,145.40043,143.7582712,142.1441682,140.5731899,139.0316151,137.5079286,136.0214326,134.5459964,133.0924503,131.654587,130.2274677,128.8173705,127.4119993,126.0210431,124.6331489,123.2537775,121.8774779,120.5049878,119.1347228,117.7650835,116.3956688,,,,,,,,,,,,,,,,,,,,,,,,,,
-16.5,,,,,,,,,,,,,,,,,,,,,,,,,,,159.4835555,157.2199341,155.1130633,153.1012121,151.1966336,149.3599018,147.5954913,145.8844327,144.2212144,142.5936455,141.0148335,139.4584062,137.9319632,136.4339725,134.949687,133.4935758,132.047635,130.61943,129.2032256,127.7959619,126.4017818,125.0110061,123.6311789,122.2527618,120.8807088,119.509547,118.14064,116.771485,115.4017905,114.0299264,,,,,,,,,,,,,,,,,,,,,,,,,
-16,,,,,,,,,,,,,,,,,,,,,,,,,,,157.8889256,155.7364755,153.6904928,151.7516283,149.8797131,148.1020402,146.372649,144.691298,143.0549213,141.4599363,139.8919506,138.3599863,136.8496826,135.3612913,133.8977879,132.4455719,131.0146131,129.5920437,128.1844656,126.785392,125.3941625,124.0114967,122.6316975,121.2593966,119.8872925,118.5192294,117.1503302,115.7817043,114.4110377,113.0380679,103.2647757,,,,,,,,,,,,,,,,,,,,,,,,
-15.5,,,,,,,,,,,,,,,,,,,,,,,,,,158.592989,156.3758556,154.2866381,152.3156501,150.4260308,148.6177399,146.8647678,145.1678324,143.5212266,141.9085268,140.3332216,138.7910163,137.2705313,135.778325,134.3047719,132.8489204,131.412542,129.9850709,128.5756318,127.1715671,125.7804321,124.3944994,123.0150509,121.6407445,120.2688774,118.9005347,117.5319925,116.1644161,114.7952185,113.4236206,112.0488712,110.6694769,,,,,,,,,,,,,,,,,,,,,,,,
-15,,,,,,,,,,,,,,,,,,,,,,,,,159.2998581,157.0275853,154.9054542,152.8877965,150.9780929,149.1400089,147.368382,145.6540725,143.99097,142.3609988,140.7799858,139.2247485,137.6970276,136.1980454,134.7153045,133.2569428,131.8129068,130.3832077,128.9691851,127.5608521,126.1692137,124.7799951,123.4008978,122.0244295,120.653329,119.2842656,117.916721,116.5497022,115.1818796,113.8118084,112.4396669,111.0619332,109.6805073,108.291818,,,,,,,,,,,,,,,,,,,,,,,
-14.5,,,,,,,,,,,,,,,,,,,,,,,,159.9999462,157.6883575,155.5359257,153.4810031,151.5372285,149.6650443,147.8810313,146.1484355,144.465985,142.8238873,141.2313512,139.6609277,138.1287473,136.6201073,135.1305338,133.6677652,132.2154044,130.7851758,129.3648593,127.9565996,126.5601277,125.16912,123.7888811,122.4106482,121.0400584,119.6701865,118.3038158,116.9371952,115.5707394,114.2023462,112.8319428,111.4568764,110.0788316,108.692176,107.3014072,88.39014464,,,,,,,,,,,,,,,,,,,,,,
-14,,,,,,,,,,,,,,,,,,,,,,,,158.4038166,156.177537,154.0831361,152.1070127,150.2070586,148.3994413,146.6459999,144.9475627,143.296107,141.685445,140.1049757,138.5652844,137.0443593,135.5515914,134.0805881,132.6220313,131.1892735,129.7624079,128.3542749,126.9528979,125.5620074,124.1787525,122.8003074,121.4286998,120.058234,118.6928406,117.3267121,115.9616703,114.5949615,113.2262383,111.8539995,110.4778445,109.0951762,107.7078977,106.309791,104.9068753,,,,,,,,,,,,,,,,,,,,,,
-13.5,,,,,,,,,,,,,,,,,,,,,,,159.1180915,156.8358881,154.7022455,152.6822903,150.765687,148.9261425,147.1495742,145.4343113,143.7707776,142.143369,140.5570901,139.0038305,137.4747633,135.9763958,134.4955526,133.0360169,131.5950475,130.1647405,128.753599,127.3482261,125.9568569,124.5702704,123.1924802,121.8189809,120.4495362,119.0835698,117.7184389,116.3544006,114.9892711,113.6223984,112.2529554,110.8788783,109.5002069,108.1151131,106.7222003,105.3224613,103.9100461,102.4918531,,,,,,,,,,,,,,,,,,,,,
-13,,,,,,,,,,,,,,,,,,,,,,159.8395109,157.491536,155.3361488,153.2736302,151.3266192,149.4558462,147.665247,145.9308766,144.2478942,142.604169,141.0119326,139.4439858,137.9099872,136.4027522,134.9148075,133.4515132,132.0026442,130.5713196,129.154295,127.7469783,126.3531081,124.9642531,123.5861465,122.2106493,120.8423944,119.4756578,118.111996,116.7486403,115.3850993,114.0201456,112.6532572,111.2816089,109.9069844,108.5241902,107.1365045,105.7392318,104.3332527,102.9177556,101.4879913,,,,,,,,,,,,,,,,,,,,,
-12.5,,,,,,,,,,,,,,,,,,,,,,158.2105134,155.9786589,153.8794408,151.8986143,149.9910323,148.1856118,146.4314249,144.7317395,143.0772948,141.4690375,139.8854774,138.3484488,136.8303502,135.3373327,133.8681602,132.4130819,130.9795634,129.556209,128.1483267,126.7504363,125.3607727,123.9809336,122.60431,121.2364105,119.8690354,118.5067884,117.1441128,115.7823911,114.4191484,113.0543471,111.6857068,110.3137201,108.9348077,107.5520145,106.1577431,104.7582344,103.3454606,101.9233733,100.4887202,99.03842085,,,,,,,,,,,,,,,,,,,,
-12,,,,,,,,,,,,,,,,,,,,,158.9296812,156.6384001,154.4959405,152.475032,150.5524684,148.7124361,146.9342859,145.2193431,143.5544096,141.9290166,140.3397567,138.789759,137.2599583,135.7635868,134.2857112,132.8263315,131.3886941,129.959815,128.5513273,127.1485238,125.7594866,124.3765425,123.0008695,121.6313011,120.2646456,118.9025893,117.5408156,116.1806646,114.8192095,113.4564815,112.0910099,110.721366,109.3466848,107.9665012,106.577656,105.1830488,103.7747639,102.3605169,100.9288075,99.48725193,98.02992195,89.99946089,,,,,,,,,,,,,,,,,,,
-11.5,,,,,,,,,,,,,,,,,,,,159.6539027,157.2986904,155.1299359,153.0609221,151.1141782,149.2439723,147.4490657,145.7135153,144.0326026,142.3907411,140.7964054,139.2318706,137.6967639,136.1921592,134.7055214,133.2438783,131.7984331,130.3677879,128.9549591,127.5480387,126.1590936,124.7728961,123.3983656,122.0268325,120.6616899,119.2990737,117.9387694,116.5796764,115.2200608,113.8594981,112.4969025,111.1299147,109.7594798,108.3819332,106.9986719,105.6068794,104.2054056,102.7956785,101.3704335,99.93803959,98.48390647,97.01911918,95.53543687,,,,,,,,,,,,,,,,,,,
-11,,,,,,,,,,,,,,,,,,,159.9999934,158.0034773,155.7713202,153.6676949,151.6839528,149.7758554,147.9690043,146.214863,144.5151754,142.8588083,141.2543801,139.6744551,138.1358235,136.6211762,135.1292297,133.662348,132.2102705,130.7782828,129.3590436,127.9526078,126.5590723,125.1719632,123.7962469,122.4237069,121.0591708,119.6961252,118.3374667,116.9791626,115.6216268,114.2630267,112.9029636,111.539107,110.172184,108.798228,107.420269,106.0316695,104.6369632,103.230375,101.8132395,100.3849147,98.93934103,97.48516067,96.00489707,94.51263447,92.99890354,,,,,,,,,,,,,,,,,,
-10.5,,,,,,,,,,,,,,,,,,,158.7255716,156.4277041,154.2791578,152.2593617,150.3313748,148.4929514,146.7173119,145.0016219,143.3360174,141.7136111,140.1225803,138.5770253,137.0503653,135.5547193,134.0809068,132.6239933,131.1888304,129.7644528,128.3574142,126.9592383,125.5724527,124.1942361,122.8217886,121.4567705,120.0939903,118.73637,117.3788227,116.0234891,114.6667984,113.3092259,111.9486297,110.5845601,109.2149362,107.8405038,106.4570438,105.0683848,103.6658843,102.2569767,100.8319781,99.39590317,97.94542373,96.47574012,94.99545083,93.48532384,91.96076679,76.32068616,,,,,,,,,,,,,,,,,
-10,,,,,,,,,,,,,,,,,,159.4495378,157.0913772,154.9096267,152.8392929,150.8922417,149.0234258,147.2263577,145.4912486,143.8136488,142.1745244,140.5792321,139.01892,137.4839288,135.9829149,134.4993488,133.0396479,131.5991585,130.1707935,128.7620229,127.3597177,125.9733693,124.591961,123.220612,121.8541749,120.4925812,119.1351734,117.77909,116.4253253,115.070825,113.7156165,112.358146,110.9969862,109.6319513,108.2604343,106.8827041,105.4976519,104.1018591,102.698935,101.2796893,99.85316633,98.40638765,96.94767183,95.47132147,93.97328962,92.46247973,90.91801161,89.35576704,,,,,,,,,,,,,,,,,
-9.5,,,,,,,,,,,,,,,,,159.999974,157.7719209,155.5479416,153.4407553,151.4564207,149.5537559,147.743075,145.9901957,144.2923886,142.6360664,141.0355434,139.4605988,137.921824,136.4113409,134.9213741,133.4578914,132.0096003,130.5803018,129.1662144,127.7620339,126.3739638,124.9891502,123.6195174,122.2511055,120.8915681,119.5335927,118.1798749,116.8268643,115.4749133,114.1218075,112.7673027,111.4093063,110.0481855,108.6803875,107.3083393,105.9266265,104.5381304,103.138548,101.7277988,100.3069713,98.86797294,97.42011232,95.94783049,94.46231643,92.95613866,91.42489105,89.87799386,88.29492383,86.68890406,,,,,,,,,,,,,,,,
-9,,,,,,,,,,,,,,,,,158.4957173,156.1961925,154.0475706,152.0285811,150.0953248,148.2625313,146.4901469,144.7753589,143.1098413,141.4922131,139.9015884,138.3602831,136.8391352,135.3450028,133.8754933,132.4220005,130.9903343,129.5705843,128.1667888,126.7739369,125.3905237,124.0178347,122.6494775,121.2900405,119.9322266,118.5801355,117.228091,115.8784978,114.5275356,113.1758077,111.82124,110.4632618,109.1000232,107.7324908,106.3554946,104.9733545,103.5782694,102.1758798,100.758848,99.32978232,97.88722918,96.42482636,94.95193613,93.44991456,91.93281236,90.39266848,88.82259947,87.2333182,85.60700288,62.21114212,,,,,,,,,,,,,,,
-8.5,,,,,,,,,,,,,,,,159.2177898,156.8600666,154.6665032,152.6038459,150.6529955,148.7880097,146.9911725,145.2600103,143.5845946,141.9498023,140.3546048,138.7998935,137.2670479,135.7697504,134.292101,132.8348624,131.3993531,129.9754158,128.5705145,127.1737829,125.7910068,124.4153353,123.0482181,121.6876683,120.3310514,118.9795776,117.6290341,116.2812738,114.9325336,113.5835621,112.23243,110.8776163,109.519029,108.1549176,106.7838835,105.4064159,104.0176743,102.62228,101.2106367,99.7914155,98.35311297,96.90207251,95.43431424,93.94420738,92.44108825,90.9055087,89.3513686,87.77277908,86.15745612,84.51857752,82.84401303,,,,,,,,,,,,,,,
-8,,,,,,,,,,,,,,,159.9431451,157.5271173,155.2988627,153.1914853,151.2103948,149.3147909,147.5015079,145.751294,144.0583194,142.4067809,140.8072901,139.2384229,137.7008707,136.1955919,134.7091502,133.2496566,131.8070942,130.3807135,128.9730035,127.5730807,126.1903064,124.8119115,123.4461801,122.0840603,120.7292611,119.3778014,118.0292788,116.6829603,115.3366573,113.9903387,112.6423081,111.291102,109.9371053,108.5766101,107.2114228,105.8377914,104.4565101,103.065031,101.6619679,100.2497351,98.81872196,97.37903685,95.91560035,94.43863543,92.94135458,91.41882764,89.88084974,88.30666314,86.70910945,85.08736222,83.41934309,81.72248114,79.99410804,,,,,,,,,,,,,,
-7.5,,,,,,,,,,,,,,,158.2306176,155.9386345,153.7925907,151.7748517,149.840155,148.0149071,146.2464603,144.5346991,142.8701629,141.2596305,139.6755551,138.1349102,136.6199937,135.1287444,133.6643628,132.2154281,130.7881927,129.3742467,127.9744908,126.5882451,125.2088336,123.8428965,122.4789557,121.1265345,119.7745263,118.4287774,117.0832645,115.7400329,114.3958613,113.0511964,111.7034321,110.3533907,108.9972612,107.6371019,106.2682264,104.8936978,103.5069239,102.1125503,100.7043916,99.2837192,97.8503898,96.39668817,94.93233287,93.44014298,91.93234747,90.40163866,88.84110468,87.26164766,85.64428224,83.99602665,82.32082556,80.59670588,78.83216314,47.50167714,,,,,,,,,,,,,
-7,,,,,,,,,,,,,,158.9495557,156.5937146,154.3937693,152.3438781,150.3879596,148.5315429,146.7404727,145.0128954,143.3397351,141.7112084,140.1167215,138.569435,137.0426805,135.5482264,134.0773111,132.6241144,131.1940125,129.7755457,128.3754923,126.9849738,125.6070764,124.2380397,122.8761164,121.5222989,120.1715062,118.8268673,117.482784,116.1420557,114.8001477,113.4586736,112.1143783,110.7678196,109.4166117,108.0604875,106.697449,105.3278762,103.9476567,102.561407,101.1582195,99.7475463,98.31907878,96.87715427,95.41883326,93.93845138,92.44458416,90.91958029,89.37564218,87.80671568,86.20181945,84.5736928,82.90817932,81.20069908,79.45997894,77.67632609,75.83290733,,,,,,,,,,,,,
-6.5,,,,,,,,,,,,,159.6688366,157.2592931,155.0128415,152.9184911,150.9396545,149.0519519,147.2377158,145.4932893,143.8076771,142.1626474,140.5641353,139.0028651,137.4677775,135.968785,134.4882098,133.032741,131.5977796,130.1759942,128.7744543,127.3807457,126.0032896,124.6317781,123.2714153,121.9163022,120.5674998,119.2231955,117.8812736,116.54231,115.20302,113.8644009,112.5235476,111.1805162,109.8340066,108.4818591,107.1251006,105.7596545,104.3869139,103.0050248,101.6107522,100.20791,98.78661599,97.35596325,95.90302644,94.4359762,92.94927011,91.4371515,89.9099069,88.34597587,86.75965963,85.14780246,83.49113361,81.80585882,80.08650888,78.30999581,76.49262113,74.62977332,67.78069042,,,,,,,,,,,,
-6,,,,,,,,,,,,159.9999922,157.9371201,155.6446198,153.5055358,151.491401,149.5718331,147.7423529,145.9804844,144.274033,142.6136765,141.0098482,139.4341807,137.8955373,136.3878724,134.9008924,133.4425389,131.9998064,130.5774942,129.1712193,127.7757408,126.397359,125.0236806,123.6646838,122.3082123,120.9616909,119.617311,118.2779963,116.9403728,115.604,114.2679913,112.9305964,111.591269,110.2489522,108.9014102,107.5503988,106.1896824,104.8243617,103.4470781,102.0617151,100.6639048,99.25280639,97.82928674,96.3860592,94.93251634,93.45064004,91.95401025,90.43383228,88.88484347,87.31704732,85.71046046,84.07439177,82.41138784,80.69720497,78.94514313,77.15441505,75.3089335,73.4019051,71.43901218,,,,,,,,,,,,
-5.5,,,,,,,,,,,,158.6365057,156.2826764,154.0974973,152.0492136,150.0930891,148.2492549,146.4665479,144.743223,143.0736307,141.4539639,139.8630003,138.3224247,136.8044852,135.3136741,133.8499219,132.4022315,130.9782794,129.5665105,128.1721449,126.7891399,125.4168018,124.0556889,122.699524,121.3537287,120.0092791,118.6727579,117.3359819,116.0031211,114.6692226,113.3356911,111.9997861,110.6616606,109.3188838,107.9722398,106.6177176,105.2583269,103.8872614,102.5095664,101.1177635,99.71687345,98.29880521,96.86755393,95.42012811,93.95084642,92.4679066,90.95484457,89.42294193,87.86497527,86.27272228,84.65770192,83.0026256,81.30837138,79.5812489,77.80694918,75.97658154,74.09871254,72.16740609,70.16838952,68.08834587,,,,,,,,,,,
-5,,,,,,,,,,,159.3455269,156.9353383,154.6891651,152.6126415,150.6350541,148.758683,146.9502613,145.2137415,143.5335042,141.8967645,140.2998839,138.7487313,137.2184196,135.7259284,134.2545497,132.8035927,131.3762873,129.9607975,128.5658099,127.1793746,125.8081867,124.44437,123.0905094,121.743308,120.4014711,119.0651261,117.7307777,116.3999259,115.0687392,113.7385174,112.4061157,111.0720367,109.7339871,108.3917339,107.0434674,105.6886322,104.3253146,102.9533839,101.5695725,100.1763896,98.7662308,97.34719909,95.90492041,94.44939362,92.97432604,91.47441232,89.9578863,88.40734092,86.83418318,85.23375912,83.59077022,81.91961793,80.21094081,78.44854117,76.64560871,74.79754517,72.88309676,70.90301069,68.85718981,66.73676265,54.41196895,,,,,,,,,,
-4.5,,,,,,,,,,159.9999542,157.5987934,155.2975042,153.1823915,151.1769017,149.2690585,147.4356755,145.6864414,143.9905921,142.3391082,140.7376211,139.1721379,137.6364092,136.137754,134.6569007,133.2050929,131.7712655,130.3538007,128.9565081,127.5675531,126.1966269,124.830826,123.4785728,122.1303583,120.7908534,119.4548075,118.1231228,116.7940322,115.4658278,114.1386308,112.8097875,111.4797112,110.1461277,108.8085003,107.466036,106.1161491,104.7604923,103.3935425,102.0189626,100.6313648,99.23136158,97.81964616,96.38765594,94.94505256,93.47640274,91.99227356,90.48417836,88.94841119,87.39465797,85.79974818,84.17820221,82.52748146,80.82724721,79.09042821,77.31549717,75.47959748,73.58780012,71.6401984,69.62953659,67.54445768,65.36464895,63.09304837,,,,,,,,,,
-4,,,,,,,,,,158.2756659,155.9294834,153.7589369,151.7161212,149.7813746,147.9319059,146.1622909,144.4447639,142.7822909,141.1728445,139.5930071,138.0544716,136.5463946,135.0606296,133.6051342,132.164485,130.747413,129.3441357,127.9557804,126.5820345,125.2154961,123.8636668,122.5144452,121.1773925,119.8413293,118.5127708,117.1849525,115.8601804,114.5355609,113.2105345,111.8842532,110.5550479,109.222296,107.8850051,106.5408655,105.1916023,103.8309797,102.4655463,101.083262,99.69387281,98.28772147,96.8680289,95.43337448,93.97644622,92.50511744,91.00579576,89.48782415,87.94209971,86.36433429,84.76405591,83.12192402,81.44313912,79.73220573,77.96905187,76.15496939,74.29375697,72.37869465,70.3879764,68.32344307,66.1811887,63.9503568,61.61811383,59.16952761,,,,,,,,,
-3.5,,,,,,,,,158.9656418,156.5591985,154.3415326,152.2525355,150.2979904,148.4300976,146.6351032,144.9017964,143.2304319,141.6046136,140.0119373,138.4710406,136.9515909,135.4632952,134.0016809,132.5570973,131.1378798,129.7301496,128.3424303,126.9645178,125.6003794,124.2455745,122.8988423,121.5608049,120.2264982,118.8993694,117.5731825,116.2516004,114.9292904,113.608392,112.2855246,110.960959,109.6329062,108.3006243,106.9625837,105.6185625,104.2655206,102.9057111,101.5323617,100.1514942,98.75309596,97.34461006,95.91672706,94.47401873,93.01108922,91.52514576,90.02212289,88.48522749,86.92724578,85.33984285,83.71254177,82.05807352,80.36136136,78.61583764,76.83042648,74.9970492,73.09577889,71.1330682,69.10471207,67.0015278,64.81262819,62.523865,60.11858134,57.5886925,40.43792926,,,,,,,,
-3,,,,,,,,159.6597961,157.1935652,154.9298435,152.8046552,150.8206158,148.9264847,147.1063299,145.3611796,143.6766808,142.0344464,140.4378602,138.8847051,137.3530857,135.8648644,134.3945638,132.9480489,131.5246912,130.1141514,128.7254139,127.3447572,125.9815576,124.6246127,123.2800851,121.9409267,120.6095317,119.2826461,117.9596235,116.6397603,115.3208085,114.0030362,112.6839516,111.363671,110.0402121,108.7129833,107.3807631,106.0422031,104.6966156,103.3422399,101.9783367,100.6035083,99.21549727,97.81529574,96.39715855,94.96634612,93.51172377,92.04191817,90.54671302,89.02605188,87.48777249,85.90669292,84.301501,82.66480256,80.98116833,79.26213116,77.50410654,75.68127568,73.80810003,71.87960596,69.88808961,67.81078687,65.64776436,63.39278231,61.0322398,58.55048604,55.92916501,53.14680978,,,,,,,,
-2.5,,,,,,,159.9999953,157.8500306,155.5268332,153.3710121,151.3461558,149.4189706,147.5800621,145.8219393,144.1189594,142.4645705,140.8622063,139.2945754,137.7591488,136.2636815,134.7841898,133.3381773,131.907547,130.4967061,129.1045377,127.7225039,126.3589418,125.0005753,123.6575729,122.3177317,120.9888646,119.662383,118.3424297,117.0242777,115.7087106,114.3940213,113.0786916,111.7626975,110.4436131,109.1216479,107.7947421,106.4621148,105.1232209,103.7751099,102.4198204,101.0511765,99.67430035,98.28033152,96.87430932,95.45186985,94.0092285,92.55372645,91.06668689,89.56412575,88.03291817,86.47126306,84.88646851,83.25987534,81.59911849,79.90408646,78.15645283,76.36157729,74.52028676,72.62008619,70.64508172,68.59996617,66.4772757,64.26567333,61.95156265,59.5196266,56.95132747,54.22527501,51.31639784,48.1950993,,,,,,,
-2,,,,,,,158.519789,156.1356927,153.9336839,151.8697149,149.9106698,148.0599013,146.28198,144.5570344,142.8950941,141.2824815,139.7025676,138.1651087,136.6583388,135.1752107,133.7249078,132.2880526,130.8779645,129.4797802,128.0997513,126.7323904,125.3753453,124.0312098,122.6919059,121.3644168,120.038275,118.7215564,117.4047031,116.093031,114.7808673,113.4698043,112.1575764,110.8431687,109.5262095,108.2045093,106.8780494,105.5451168,104.2041633,102.8559989,101.4952315,100.1276949,98.7413265,97.34779281,95.93174973,94.50331191,93.05482753,91.58351873,90.0962852,88.57453116,87.03295344,85.46043714,83.85086327,82.21354071,80.53232272,78.80620676,77.04119042,75.22342272,73.33924613,71.3976139,69.39087787,67.30785614,65.13503982,62.85745231,60.46985027,57.95598004,55.29689496,52.46520487,49.41206727,46.11240295,25.82080797,,,,,,
-1.5,,,,,,159.1964778,156.7460356,154.4957276,152.3953507,150.4158248,148.5417877,146.7375755,144.9948045,143.3263497,141.6983534,140.10966,138.5672649,137.0490464,135.5649167,134.1072756,132.6676414,131.2548789,129.8529779,128.4733869,127.1023495,125.7476831,124.4008318,123.0647809,121.7359421,120.4132802,119.0967139,117.7829677,116.4734385,115.1644069,113.8570716,112.54854,111.2389103,109.9265992,108.6103815,107.2898131,105.9627922,104.6292278,103.2871781,101.9354922,100.5741498,99.19860369,97.81347033,96.40800074,94.9917614,93.55195116,92.09642972,90.61750878,89.11297233,87.5869013,86.0260422,84.43914532,82.81704392,81.15261737,79.45408919,77.70945734,75.90774972,74.05626121,72.15030775,70.17439682,68.11438298,65.9733571,63.73990162,61.40017756,58.93787974,56.33368719,53.56487425,50.60505118,47.41642028,43.90794565,40.06579386,,,,,,
-1,,,,,159.8695795,157.3658218,155.0649917,152.9268067,150.9256313,149.0191609,147.188707,145.4402751,143.7552273,142.1095494,140.5169699,138.9648076,137.4375583,135.9520024,134.4850808,133.0450361,131.6272879,130.2237459,128.8425448,127.4695465,126.1155463,124.7671002,123.4331714,122.1035282,120.7839154,119.4677028,118.157476,116.8496734,115.5443944,114.2402062,112.9357457,111.63053,110.322821,109.0120878,107.696964,106.3762471,105.0493564,103.714097,102.3707901,101.0162828,99.65141972,98.27278058,96.88031614,95.47242586,94.04521915,92.60198994,91.13368735,89.6469797,88.13146953,86.58832346,85.01925037,83.41052849,81.77015655,80.09265594,78.36323344,76.59047618,74.77242148,72.88637982,70.93257135,68.91124831,66.81267275,64.62432522,62.33096861,59.92000961,57.37571231,54.67013658,51.77483703,48.66067558,45.29053876,41.55317235,37.39601848,32.59300235,,,,,
-0.5,,,,,157.9991139,155.6460146,153.471888,151.4305059,149.4918066,147.6419764,145.8853558,144.1791583,142.5176042,140.9236093,139.3574975,137.8263018,136.3344772,134.8585333,133.4199029,131.9950091,130.5921211,129.2070499,127.8338476,126.4788088,125.1299028,123.7969928,122.4672142,121.1500143,119.8344644,118.5275055,117.221446,115.9199638,114.6187586,113.3184459,112.0175218,110.7143462,109.4091292,108.0991425,106.7849833,105.4641569,104.1362673,102.8003722,101.4537068,100.0982179,98.72739243,97.34713318,95.94659965,94.53407767,93.09971996,91.6456767,90.17262453,88.6690787,87.1468455,85.58874919,83.99926236,82.38312319,80.71706394,79.01285503,77.27109577,75.46789963,73.60709234,71.68996746,69.70856195,67.64636728,65.4881155,63.23423438,60.87015444,58.37870757,55.73965409,52.92824485,49.90684621,46.61884642,43.02729534,39.01114207,34.44516596,29.02784795,11.97541251,,,,
0,,,,158.6551328,156.237128,154.0120594,151.9303893,149.9590556,148.1075201,146.3252792,144.5979461,142.9351828,141.3253982,139.7451077,138.2147788,136.7119302,135.2330519,133.7900663,132.3577767,130.9574357,129.5666247,128.1959583,126.8372022,125.4905251,124.1560489,122.8282042,121.511442,120.197693,118.892937,117.5888495,116.2909954,114.992382,113.6966705,112.3994663,111.1013671,109.8010753,108.4966113,107.1886653,105.8738353,104.5534693,103.2242084,101.8863088,100.5384286,99.17738346,97.80654898,96.41609805,95.01779685,93.59086271,92.15314328,90.68887613,89.20245985,87.69591715,86.15050915,84.58414809,82.97986343,81.33516961,79.6594001,77.93264467,76.15271847,74.32606073,72.44630409,70.48349228,68.44873106,66.33405814,64.12732752,61.81413391,59.37744664,56.79716162,54.04953907,51.10648374,47.93459559,44.45704069,40.60188908,36.23332282,31.13879914,24.87606335,15.96954793,,,,
0.5,,,,,154.5468099,152.4295583,150.4479815,148.5676938,146.7598611,145.0130446,143.3485448,141.7218686,140.1324596,138.5983373,137.0841719,135.6070313,134.1550504,132.7211376,131.3176449,129.9226407,128.5535607,127.1910705,125.8474041,124.5102549,123.1860903,121.8679803,120.5582362,119.253527,117.9536373,116.6572263,115.3629391,114.0701336,112.7773471,111.483669,110.1882657,108.8894038,107.5871655,106.2788188,104.9653272,103.643121,102.3136569,100.9730853,99.62240896,98.25885509,96.88092795,95.48970369,94.07741581,92.65234084,91.19940085,89.73036346,88.23260665,86.708039,85.15972959,83.56845707,81.94942043,80.29296541,78.58322371,76.83477604,75.03930283,73.1719857,71.2444489,69.2506324,67.18049025,65.01909159,62.74602121,60.35828742,57.83743104,55.16035586,52.29716129,49.20699233,45.84497292,42.14077695,37.97288718,33.14897353,27.33499047,19.5562452,0.340377665,,,,
1,,,,,152.9441579,150.9339929,149.0222646,147.1885531,145.4399589,143.7563798,142.1128427,140.5240649,138.9764121,137.4528347,135.9755868,134.5147119,133.0830104,131.6725201,130.277231,128.9058659,127.5420797,126.1989934,124.860705,123.538706,122.2200901,120.9135253,119.609282,118.3132047,117.0184671,115.7283684,114.4385789,113.150207,111.860964,110.5702662,109.277148,107.9801391,106.6786675,105.3712432,104.0568221,102.7346583,101.402467,100.0608538,98.70581804,97.33943121,95.95625721,94.55870633,93.1420405,91.70509237,90.24850497,88.764522,87.25874409,85.7216415,84.15278805,82.55345096,80.91111644,79.23018063,77.50731538,75.72777039,73.89295587,72.0028708,70.04689459,68.00210552,65.87238104,63.6475879,61.31263517,58.84967987,56.23756438,53.45131502,50.4611308,47.21263132,43.62613266,39.63342078,35.07932366,29.63044576,22.69986783,11.44820381,,,,,
1.5,,,,,,149.4708077,147.6201437,145.8624115,144.1584304,142.5005529,140.909932,139.3488553,137.8232688,136.3385188,134.870589,133.4393607,132.0219417,130.6289971,129.2526926,127.8898535,126.5452052,125.2074203,123.8859887,122.5680386,121.2635105,119.9604569,118.6674883,117.3747415,116.088517,114.8017529,113.5178304,112.2327969,110.9469763,109.6593482,108.3676076,107.0728934,105.7712885,104.4648142,103.1493128,101.8260944,100.4924323,99.14705745,97.79057329,96.41719126,95.03255915,93.62493648,92.20495238,90.75760158,89.29107237,87.79940183,86.27701997,84.73041043,83.14527944,81.52482242,79.8680059,78.16416481,76.41059463,74.60824241,72.74678729,70.81314766,68.80754319,66.72344661,64.54822057,62.26580985,59.85359468,57.30167135,54.5866874,51.67505301,48.52265648,45.07376431,41.24578965,36.8974519,31.81265872,25.44745576,16.35659913,,,,,,
2,,,,,,,146.278696,144.5541865,142.8938524,141.2899848,139.7154704,138.1911913,136.6956679,135.2242572,133.7899749,132.36747,130.9755116,129.5938824,128.2339828,126.8858468,125.5504388,124.2277669,122.9120717,121.6080145,120.3074547,119.0162881,117.7264859,116.4432502,115.159986,113.8800846,112.5992733,111.3183429,110.0357958,108.7497264,107.4611291,106.1658658,104.8667725,103.5581284,102.2437575,100.9174282,99.58249601,98.23403104,96.87251967,95.49733905,94.10244303,92.69568688,91.25961229,89.81181327,88.32987418,86.82698957,85.29677254,83.72757943,82.13354582,80.49288321,78.81046372,77.08820136,75.30874415,73.47220733,71.57420488,69.60735183,67.56427976,65.42656664,63.18409891,60.82779374,58.33985558,55.69784155,52.87434213,49.81874026,46.48247012,42.81032271,38.66116586,33.86188431,28.01186997,20.0747604,1.641941064,,,,,,
2.5,,,,,,,149.7277605,143.2840237,141.6637908,140.080617,138.5530506,137.0469374,135.5773158,134.1346216,132.7099935,131.3161624,129.9310908,128.5726438,127.2206952,125.8888649,124.5638348,123.251969,121.946777,120.6505453,119.3594287,118.0743208,116.7923529,115.5140103,114.2367215,112.9609624,111.6841056,110.4068361,109.1262545,107.843383,106.554869,105.2621794,103.9613777,102.6544743,101.3367662,100.0108867,98.67141124,97.32117007,95.95484526,94.5739158,93.17552875,91.75611967,90.32013572,88.8534667,87.36952857,85.85062337,84.30438489,82.72968443,81.10574449,79.45165993,77.75178448,75.99492482,74.19043197,72.3255318,70.38968972,68.37865739,66.28125744,64.09001116,61.78965325,59.36130596,56.7799927,54.02741679,51.06538325,47.84785226,44.31619456,40.35153435,35.80402302,30.37497349,23.33291361,10.72487737,,,,,,,
3,,,,,,,,142.0312424,140.4473008,138.9087701,137.3921179,135.9243063,134.4731749,133.0503859,131.6507295,130.265356,128.9053242,127.5514707,126.221374,124.8939926,123.5860239,122.2799354,120.9877532,119.6970035,118.4161798,117.1358024,115.862056,114.5876027,113.3167199,112.0440418,110.7718887,109.4969182,108.2193921,106.9379297,105.6510097,104.3585623,103.0581795,101.7499236,100.4317444,99.10250114,97.76176466,96.40595609,95.03718072,93.64888773,92.24530459,90.81857283,89.37125622,87.89957756,86.39822806,84.87171822,83.30973809,81.71236288,80.08180748,78.39827671,76.67252861,74.90418648,73.05948625,71.15558837,69.18396705,67.12801994,64.98272783,62.73758709,60.35694635,57.83885199,55.16513424,52.30502109,49.17940947,45.77209813,41.97187789,37.65830766,32.58607108,26.22400857,16.83966908,,,,,,,,
3.5,,,,,,,,,139.2579035,137.7388236,136.2650046,134.8056777,133.3853177,131.9789733,130.5963107,129.2318454,127.8801913,126.5478083,125.2220921,123.9139793,122.6090054,121.3188837,120.0298357,118.7520127,117.4740553,116.2040775,114.9328853,113.6664601,112.3980011,111.1309049,109.8612905,108.5893424,107.3145728,106.033625,104.749253,103.4552822,102.156446,100.8453889,99.52687776,98.19436002,96.85035056,95.49171164,94.11560187,92.72533167,91.31005673,89.88087277,88.41965866,86.93934509,85.4272254,83.88344981,82.3093621,80.6948565,79.03810797,77.33972245,75.58947797,73.77825367,71.91321938,69.97955743,67.95608601,65.85219892,63.64689375,61.32788904,58.87714712,56.27142396,53.48295451,50.46482851,47.18052224,43.54553492,39.4632333,34.71483781,28.89557256,21.04507821,2.835284193,,,,,,,,
4,,,,,,,,,,136.5991688,135.136061,133.7137079,132.3011494,130.9214056,129.5519315,128.2036631,126.8680203,125.5457539,124.2356764,122.9341419,121.6437899,120.3578157,119.0816746,117.8070626,116.5399455,115.272654,114.010013,112.7461932,111.4837098,110.2195957,108.9531031,107.6845969,106.4100457,105.1328515,103.8461568,102.5556255,101.2526219,99.94388104,98.61998286,97.28761748,95.93790909,94.57562947,93.19497992,91.79519224,90.37848311,88.93238083,87.47338457,85.9715521,84.45036628,82.8938765,81.29788677,79.67023251,77.99127252,76.26550134,74.48855425,72.65474976,70.74762303,68.7666835,66.70707777,64.54915457,62.28120642,59.90060267,57.35611465,54.6378099,51.72653963,48.5553046,45.06785435,41.1426512,36.63687807,31.24909196,24.23779737,10.67407924,,,,,,,,,
4.5,,,,,,,,,,136.2110371,134.0355578,132.6199017,131.2398425,129.8661629,128.5207805,127.1818136,125.8630486,124.5509968,123.2535517,121.9622725,120.6807292,119.4049879,118.1348944,116.869458,115.6071607,114.3471335,113.0889283,111.8301165,110.5718342,109.3104325,108.0479057,106.7800037,105.50904,104.2305435,102.9468581,101.6533375,100.3523936,99.03899244,97.71596603,96.37732901,95.0267013,93.65711166,92.27223217,90.86578952,89.43827237,87.98915295,86.50819395,85.00710294,83.46482545,81.89438921,80.28812973,78.6294594,76.93524766,75.18402755,73.37594221,71.50491994,69.56414887,67.55361799,65.43078626,63.21226552,60.88105585,58.40721081,55.76854072,52.95105744,49.88278929,46.51564947,42.7757031,38.53121799,33.54119624,27.2477779,17.74084132,,,,,,,,,,
5,,,,,,,,,,,132.9375702,131.5515772,130.1770036,128.8312441,127.4899248,126.1738273,124.8601294,123.5663817,122.274485,120.9972474,119.7217274,118.4564437,117.1924391,115.935251,114.6777366,113.4249664,112.1700261,110.9173659,109.6611746,108.4045085,107.1432533,105.8783858,104.6081087,103.330772,102.0471001,100.7530113,99.45089179,98.13577024,96.80947718,95.46853383,94.11179464,92.73939057,91.34550828,89.93453919,88.49664438,87.03737,85.54873948,84.02826018,82.47851292,80.88826291,79.25900925,77.59387986,75.86295185,74.0858813,72.25222253,70.3422602,68.36132894,66.29045387,64.12549348,61.84830991,59.43261143,56.87693465,54.13208609,51.1645292,47.92627682,44.3678598,40.32076642,35.59505588,29.83087844,21.88840642,4.035547447,,,,,,,,,,
5.5,,,,,,,,,,,,130.4849875,129.1348714,127.7955047,126.4779724,125.1653354,123.8725154,122.5817156,121.3070516,120.0327372,118.77133,117.509068,116.2565839,115.0024439,113.7542649,112.5037141,111.2561426,110.0052637,108.7543226,107.4993933,106.240912,104.9781816,103.707797,102.4333146,101.1465127,99.8553193,98.54779105,97.23397146,95.90150405,94.55878014,93.19642378,91.81755062,90.41988675,88.99648271,87.55603789,86.07987605,84.58390186,83.04892768,81.48084921,79.87622364,78.22787449,76.52962112,74.78588036,72.97989977,71.1034704,69.16190902,67.13339192,65.01785981,62.79510054,60.4348328,57.94850375,55.28608804,52.40796424,49.30459337,45.8733306,42.00489374,37.57765595,32.30851837,25.48350779,12.03426912,,,,,,,,,,,
6,,,,,,,,,,,,133.7146363,128.0958353,126.7752019,125.4661913,124.1718367,122.8845093,121.6100039,120.3393209,119.0794151,117.8216383,116.5710239,115.3214881,114.0766937,112.8310646,111.5880352,110.3426547,109.0971983,107.8485167,106.5963708,105.3407294,104.077748,102.8108663,101.5328897,100.2502251,98.95265398,97.64900619,96.32706725,94.99664396,93.64506472,92.28121644,90.89420078,89.48880799,88.06048321,86.60321579,85.12800467,83.60716994,82.06524789,80.47940085,78.8526811,77.18595517,75.46495218,73.68758907,71.85055624,69.9559037,67.95783806,65.88311726,63.70801716,61.41547537,58.99076504,56.40098626,53.62220546,50.62549757,47.31431926,43.63260738,39.47531127,34.55751637,28.3017775,18.3637128,,,,,,,,,,,,
6.5,,,,,,,,,,,,,127.0655439,125.760313,124.4642331,123.1810839,121.9059052,120.6399183,119.3805207,118.1273816,116.8784589,115.6342302,114.3920673,113.1520416,111.9128805,110.6734002,109.4329015,108.1906857,106.9446015,105.6957537,104.4404014,103.1805043,101.911882,100.6364253,99.35005614,98.05433515,96.74507693,95.42399253,94.08595656,92.73383445,91.36050207,89.97039371,88.55494046,87.11774402,85.65354588,84.15698393,82.6357996,81.06769346,79.46962056,77.82707663,76.12923738,74.38783018,72.57991875,70.71101695,68.76124192,66.73365312,64.60812009,62.36629263,60.02077159,57.48749013,54.79811417,51.9006153,48.71237103,45.20245852,41.2581806,36.6157783,30.94785989,23.27719832,5.216886458,,,,,,,,,,,,
7,,,,,,,,,,,,,,124.7493601,123.4704868,122.1947986,120.9333999,119.6744324,118.4260997,117.1788468,115.9397795,114.7001604,113.4659505,112.2304964,110.9969436,109.7612534,108.5254226,107.2855077,106.0432919,104.7954821,103.5425994,102.2830107,101.0149308,99.73940402,98.45132439,97.15499593,95.84198625,94.51862261,93.17605066,91.81834877,90.44067288,89.04074238,87.62048811,86.1703365,84.69691002,83.18916049,81.64722062,80.07098845,78.44858458,76.7829162,75.07660403,73.29216773,71.45590947,69.54800983,67.56256297,65.48573195,63.2943221,60.99524853,58.54782231,55.93511985,53.13677728,50.06257686,46.71217867,42.94128548,38.57404918,33.40770128,26.77422903,12.99367536,,,,,,,,,,,,,
7.5,,,,,,,,,,,,,,,122.4768835,121.2196278,119.9615561,118.7176582,117.4722785,116.2380637,115.0017224,113.7724876,112.5408733,111.3130853,110.0827515,108.852654,107.6190939,106.3832978,105.1426426,103.8970698,102.6456281,101.3857473,100.1196779,98.84050957,97.55564154,96.25188352,94.94278211,93.60906397,92.26746902,90.89985931,89.51778754,88.11044616,86.67839184,85.22402823,83.73165482,82.21693039,80.65668843,79.06073676,77.42152193,75.73386815,73.98802319,72.19177247,70.31731967,68.36677279,66.33405446,64.2002725,61.96205794,59.5723819,57.04597165,54.32318313,51.3679975,48.15282163,44.54804198,40.44083129,35.6741781,29.58359509,19.63466016,5.53528118,,,,,,,,,,,,,
8,,,,,,,,,,,,,,,121.4988789,120.2439678,119.0018584,117.7608098,116.5289882,115.2972957,114.0715466,112.8452011,111.6217292,110.3973321,109.1722488,107.9452039,106.7156287,105.4818493,104.243776,102.99979,101.7485849,100.4906899,99.22165454,97.94530496,96.65364009,95.35378775,94.03387496,92.70451476,91.35037415,89.98401152,88.58948147,87.17716559,85.7355731,84.26565191,82.77079941,81.22922482,79.66338305,78.04421038,76.38184757,74.67042326,72.90108254,71.06265859,69.15568136,67.17177343,65.07894168,62.89880584,60.57307823,58.11189365,55.48469479,52.62613801,49.54960007,46.08422281,42.20256081,37.7672449,32.17432477,24.43099664,7.273914749,,,,,,,,,,,,,,
8.5,,,,,,,,,,,,,,,,119.2787149,118.0424859,116.8123721,115.5860918,114.362988,113.1423537,111.9227583,110.7041835,109.4840118,108.2635939,107.0400929,105.8132164,104.5825233,103.3458595,102.1032818,100.8532199,99.59453164,98.32629818,97.0469502,95.75546837,94.45015231,93.12993966,91.79221475,90.4373064,89.05959963,87.662651,86.2370286,84.78816664,83.30692566,81.7923032,80.24776872,78.65050714,77.02041057,75.33621828,73.59295694,71.79495739,69.92336916,67.98140245,65.93705692,63.80151142,61.54317291,59.15544756,56.59876422,53.8440941,50.87111995,47.5646244,43.88264477,39.68120583,34.55895843,28.04613741,15.66378422,,,,,,,,,,,,,,,
9,,,,,,,,,,,,,,,,,117.0881094,115.8671597,114.6466621,113.4318376,112.2160295,111.003325,109.7879935,108.5740453,107.356368,106.1366218,104.9131792,103.6837187,102.4496035,101.207403,99.95841941,98.69884251,97.43074045,96.14850568,94.85665917,93.5459363,92.22461787,90.87934874,89.52031605,88.13537248,86.72880821,85.29686938,83.83314844,82.34267885,80.81323449,79.24652336,77.64007751,75.98044203,74.27247039,72.51368867,70.67044122,68.7644587,66.771082,64.69333944,62.48631611,60.15977243,57.68954679,55.01620133,52.16494551,48.97950668,45.47876111,41.50138941,36.76346434,30.99598225,21.87066143,6.677164764,,,,,,,,,,,,,,,
9.5,,,,,,,,,,,,,,,,,117.8954361,114.9227732,113.7134993,112.5014375,111.2946237,110.0846965,108.8764853,107.6647964,106.4518573,105.235245,104.0132302,102.7871735,101.5531659,100.312875,99.06282872,97.80435086,96.53288026,95.25208602,93.953072,92.6453227,91.31207743,89.97140103,88.59663172,87.21072474,85.79134904,84.34945875,82.87801041,81.36764444,79.82999621,78.24170802,76.61315234,74.93426198,73.20064614,71.39894488,69.53777978,67.58355374,65.54661671,63.40322509,61.13581533,58.734174,56.15286864,53.38697368,50.34139655,46.99724327,43.22323394,38.80737085,33.57953982,26.20005743,9.306642518,,,,,,,,,,,,,,,,
10,,,,,,,,,,,,,,,,,,113.9875335,112.780568,111.5778608,110.3740613,109.1708091,107.9657027,106.7588146,105.5488772,104.3342934,103.1157065,101.8903473,100.6580708,99.41812955,98.16806807,96.90830764,95.63664115,94.35109943,93.05297565,91.73554903,90.40514811,89.04850677,87.67842467,86.27484007,84.85422317,83.3970197,81.91240539,80.39469436,78.82915462,77.23509405,75.57770752,73.87342266,72.11002743,70.28449198,68.37327012,66.38037918,64.29046192,62.08395084,59.7583562,57.24682614,54.58651621,51.64830259,48.44827825,44.865446,40.72178729,35.91146149,29.45369029,17.29631842,,,,,,,,,,,,,,,,,
10.5,,,,,,,,,,,,,,,,,,,111.8531124,110.6552287,109.4569066,108.2583738,107.0573815,105.8542607,104.6469037,103.4355945,102.218633,100.9945012,99.76455257,98.52280079,97.27456066,96.01186667,94.7396097,93.45103781,92.14921802,90.82870749,89.49061691,88.1314755,86.74847827,85.3429828,83.90544694,82.44264218,80.94168549,79.40570953,77.8338432,76.20310385,74.53515107,72.80248764,71.00585615,69.14013684,67.19362766,65.15979493,62.99992038,60.73707497,58.30785025,55.72213857,52.90513615,49.83416586,46.42506694,42.52059722,38.0558628,32.27179904,23.53364066,7.963181096,,,,,,,,,,,,,,,,,
11,,,,,,,,,,,,,,,,,,,114.7084123,109.7346659,108.5426851,107.3472018,106.1511996,104.9511118,103.7468713,102.5378261,101.3220199,100.100873,98.86843845,97.63072785,96.37774785,95.11720949,93.83962702,92.55129544,91.24253085,89.92091679,88.57351109,87.2112758,85.8176387,84.40325704,82.95699474,81.47772319,79.96665506,78.41235368,76.81613436,75.17538773,73.47159562,71.71338391,69.89152985,67.9792424,65.98929332,63.89320611,61.68785973,59.33124095,56.83260846,54.11375561,51.16225116,47.91349336,44.21010292,40.05885704,34.78618739,27.82447282,11.51614985,,,,,,,,,,,,,,,,,,
11.5,,,,,,,,,,,,,,,,,,,,108.8190022,107.6292812,106.4395213,105.24631,104.04944,102.8481656,101.640554,100.4271739,99.20488815,97.97563402,96.73417739,95.48351897,94.21862343,92.9412222,91.64659264,90.3378179,89.00554454,87.65992864,86.28103043,84.89015659,83.45615027,82.00261891,80.51045483,78.97946569,77.41367359,75.79376756,74.12604153,72.40140783,70.61301268,68.74445391,66.80300036,64.75437706,62.61552901,60.32168736,57.89275955,55.27800084,52.4337387,49.32829647,45.81696267,41.8899943,37.06929862,31.05568131,19.27326291,,,,,,,,,,,,,,,,,,,
12,,,,,,,,,,,,,,,,,,,,,106.719395,105.5328828,104.3430758,103.1493097,101.9499824,100.7445314,99.53210799,98.3109934,97.08093226,95.83943045,94.5878169,93.31996515,92.04065651,90.74207769,89.4272386,88.09283864,86.73393515,85.35690922,83.94388339,82.51369397,81.03723513,79.53539618,77.99071751,76.39695547,74.76717684,73.0672744,71.3126295,69.48796914,67.59687074,65.5922186,63.49716097,61.28004076,58.92272514,56.39574274,53.65542271,50.68976437,47.3393759,43.61687755,39.16790841,33.75554166,25.68390675,9.142200715,,,,,,,,,,,,,,,,,,,
12.5,,,,,,,,,,,,,,,,,,,,,,104.627753,103.4414633,102.250005,101.0526751,99.85003145,98.6370223,97.41772177,96.18561977,94.94613509,93.68880384,92.42452136,91.13601909,89.83798192,88.51478696,87.17560461,85.81012545,84.42060446,83.00465844,81.55262136,80.07379227,78.54894109,76.98789589,75.38272093,73.71334067,71.9997845,70.20968047,68.34977632,66.40196748,64.36296545,62.20548958,59.91331751,57.47983155,54.82719465,51.98289467,48.78163162,45.25912129,41.10955824,36.1643922,29.66529457,14.96237199,,,,,,,,,,,,,,,,,,,,
13,,,,,,,,,,,,,,,,,,,,,,103.7252731,102.541225,101.3515078,100.1570894,98.95360689,97.74406402,96.52201078,95.29235071,94.04752677,92.7937366,91.51944841,90.23521217,88.92604895,87.60331868,86.25238384,84.88366266,83.48151352,82.0561445,80.59359192,79.09527671,77.56004343,75.97614496,74.34460827,72.66485998,70.90715085,69.08760319,67.18932895,65.19492038,63.10180576,60.87019014,58.51003305,55.95530565,53.21337782,50.16411036,46.80425412,42.92309287,38.35302972,32.63462035,21.44023211,,,,,,,,,,,,,,,,,,,,,
13.5,,,,,,,,,,,,,,,,,,,,,,,101.6412895,100.454567,99.26043039,98.05942668,96.84847169,95.62801176,94.39602898,93.15150123,91.89227429,90.61865204,89.32649584,88.016423,86.68358975,85.33076699,83.94702702,82.54382173,81.09768067,79.62931007,78.1128523,76.55700162,74.9571908,73.30065963,71.58458973,69.80708115,67.95146105,66.00059834,63.96017558,61.79658552,59.51381172,57.03755762,54.40041411,51.47719985,48.26959097,44.62929525,40.36719777,35.23141482,26.63310596,10.04490402,,,,,,,,,,,,,,,,,,,,,
14,,,,,,,,,,,,,,,,,,,,,,,,99.55759729,98.36505046,97.16478181,95.95350581,94.73424207,93.49908167,92.25447171,90.99099184,89.71559495,88.41684616,87.10358806,85.76253201,84.4009723,83.01214765,81.58974504,80.1457407,78.64786396,77.12522833,75.54817389,73.92077561,72.24547204,70.49783475,68.68075408,66.78284166,64.80504185,62.6875563,60.47135132,58.08027583,55.52506919,52.73345485,49.66138567,46.22591886,42.23462647,37.55824517,30.99517669,16.44943755,,,,,,,,,,,,,,,,,,,,,,
14.5,,,,,,,,,,,,,,,,,,,,,,,,98.81025982,97.47135375,96.26889097,95.06050622,93.83628265,92.60500124,91.35262132,90.09127713,88.80606645,87.51050653,86.18249157,84.84294511,83.46652121,82.06961477,80.638413,79.17024128,77.67370204,76.11820595,74.52803963,72.88185754,71.16642342,69.39599286,67.53782323,65.60151124,63.55071639,61.38995566,59.08221676,56.61480547,53.93368878,50.99026875,47.73973213,43.97449797,39.68395177,34.02162196,25.74730679,10.61961932,,,,,,,,,,,,,,,,,,,,,,
15,,,,,,,,,,,,,,,,,,,,,,,,,96.57447267,95.37516648,94.16286273,92.94131222,91.70338137,90.45346293,89.18400509,87.89985754,86.59077578,85.26707975,83.90872254,82.53360377,81.11867128,79.67867679,78.19769441,76.67504489,75.11346568,73.49150147,71.81831068,70.09225963,68.2671316,66.37305936,64.38076494,62.28558603,60.04706692,57.65415216,55.08395602,52.254048,49.1615926,45.61274824,41.59890284,36.51763721,29.52721306,13.80176679,,,,,,,,,,,,,,,,,,,,,,,
15.5,,,,,,,,,,,,,,,,,,,,,,,,,,94.47891655,93.26686006,92.04313313,90.80355785,89.55055049,88.27727186,86.98732827,85.67483006,84.33858698,82.97924208,81.58645465,80.16853646,78.70756461,77.21668369,75.67556411,74.08730989,72.44859462,70.74601086,68.97107746,67.13016069,65.18438522,63.13765722,60.97258107,58.65635576,56.17650677,53.46202602,50.52001315,47.15117435,43.37458514,38.75665042,32.81854772,19.07749104,,,,,,,,,,,,,,,,,,,,,,,,
16,,,,,,,,,,,,,,,,,,,,,,,,,,,92.37192716,91.14256455,89.90463453,88.64323782,87.37215217,86.07077387,84.7557452,83.40920444,82.04141735,80.63900529,79.20448412,77.73717343,76.21940369,74.66849166,73.05461665,71.38554524,69.65489882,67.85177059,65.95415596,63.96410343,61.86313608,59.61811561,57.23526323,54.61424919,51.79345844,48.59911712,45.03397955,40.78827377,35.54952416,25.84189987,11.70317824,,,,,,,,,,,,,,,,,,,,,,,,
16.5,,,,,,,,,,,,,,,,,,,,,,,,,,,91.47093556,90.24489437,88.99744171,87.73951979,86.45478112,85.15752078,83.82664791,82.48036894,81.09437769,79.68822023,78.23600236,76.7495878,75.2256657,73.63797834,72.01071632,70.31302925,68.5440942,66.69923717,64.76260179,62.72597089,60.54027126,58.23102057,55.71596692,53.00446074,49.97511175,46.59254058,42.65903831,37.88113978,31.66006882,15.62235837,,,,,,,,,,,,,,,,,,,,,,,,,
17,,,,,,,,,,,,,,,,,,,,,,,,,,,,89.34013712,88.0930481,86.82663657,85.54162569,84.23147457,82.90066841,81.5365674,80.15241853,78.71990494,77.2658383,75.75685433,74.20609933,72.61586515,70.94317326,69.21855189,67.4211834,65.52690571,63.53833533,61.43014154,59.19069835,56.76853403,54.16249839,51.27385864,48.06129268,44.39497653,39.99004232,34.55902665,21.23836111,,,,,,,,,,,,,,,,,,,,,,,,,,
17.5,,,,,,,,,,,,,,,,,,,,,,,,,,,,,87.18627732,85.91291018,84.62329976,83.30548413,81.96553318,80.59442594,79.19011982,77.75881855,76.27333987,74.75817555,73.18436348,71.55453797,69.87525012,68.10909368,66.26243427,64.33246857,62.28090951,60.12251225,57.77402928,55.26285537,52.50497616,49.44297358,46.0016093,41.91612758,37.05852532,27.17992909,12.50052983,,,,,,,,,,,,,,,,,,,,,,,,,,
18,,,,,,,,,,,,,,,,,,,,,,,,,,,,,86.27279732,85.00271381,83.69716595,82.37987882,81.02319807,79.64660431,78.22864619,76.77531786,75.28644746,73.73815625,72.14882881,70.49705005,68.76969569,66.97683736,65.10142123,63.09852319,60.99256918,58.73822791,56.31347083,53.67612512,50.75428605,47.51050506,43.68875039,39.25912593,32.20586832,15.23405305,,,,,,,,,,,,,,,,,,,,,,,,,,,
18.5,,,,,,,,,,,,,,,,,,,,,,,,,,,,,,84.07618776,82.77505051,81.43832176,80.08599008,78.68460832,77.26226766,75.7896238,74.27691541,72.71815598,71.09364981,69.41400865,67.66177841,65.81996201,63.88250108,61.84237398,59.65653339,57.321643,54.78606736,51.99328069,48.91133653,45.33958308,41.227397,35.85295514,24.20105055,,,,,,,,,,,,,,,,,,,,,,,,,,,,
19,,,,,,,,,,,,,,,,,,,,,,,,,,,,,,,81.83980343,80.50061537,79.1265413,77.72811681,76.27710122,74.79834665,73.26084741,71.67459945,70.03292634,68.31403971,66.5201568,64.63924237,62.66332248,60.53775744,58.27654264,55.8428261,53.16667117,50.25269091,46.86948513,43.04163974,38.22284301,30.13895447,15.00273007,,,,,,,,,,,,,,,,,,,,,,,,,,,,
19.5,,,,,,,,,,,,,,,,,,,,,,,,,,,,,,,80.90329386,79.55427417,78.16966108,76.74964453,75.29581971,73.78482314,72.23834356,70.6220543,68.94319196,67.2004167,65.36254925,63.4282092,61.37764699,59.19652789,56.84479681,54.28480902,51.4839024,48.3050274,44.71739026,40.32797177,33.92643572,17.6396375,,,,,,,,,,,,,,,,,,,,,,,,,,,,,
20,,,,,,,,,,,,,,,,,,,,,,,,,,,,,,,,78.59742124,77.20737606,75.76906636,74.29300779,72.77347446,71.18780323,69.55587051,67.846614,66.05178156,64.17425067,62.18578676,60.07772518,57.80584696,55.339993,52.68105205,49.65084002,46.26892466,42.2358671,37.23927184,24.30829696,,,,,,,,,,,,,,,,,,,,,,,,,,,,,,
20.5,,,,,,,,,,,,,,,,,,,,,,,,,,,,,,,,,76.22665321,74.7844195,73.28311776,71.7370058,70.14085691,68.46126969,66.71891882,64.89643515,62.95683014,60.90640696,58.71253186,56.34943038,53.77755533,50.91505662,47.72732553,43.97129196,39.44100252,32.16865729,15.97097257,,,,,,,,,,,,,,,,,,,,,,,,,,,,,,
21,,,,,,,,,,,,,,,,,,,,,,,,,,,,,,,,,,73.77541687,72.26845048,70.69186236,69.05742259,67.36823089,65.57432023,63.69044244,61.70596086,59.58475261,57.30949826,54.84497538,52.10530765,49.08283037,45.57208916,41.41958162,36.17592916,19.93359777,,,,,,,,,,,,,,,,,,,,,,,,,,,,,,,
21.5,,,,,,,,,,,,,,,,,,,,,,,,,,,,,,,,,,72.77194103,71.22445647,69.63607965,67.97062657,66.22371644,64.40163194,62.47839932,60.41506228,58.21682908,55.83949323,53.22868379,50.36530623,47.05753882,43.22299846,38.49548595,25.63799344,15.76466179,,,,,,,,,,,,,,,,,,,,,,,,,,,,,,,
22,,,,,,,,,,,,,,,,,,,,,,,,,,,,,,,,,,,70.18501694,68.54923377,66.85547259,65.08653415,63.19719147,61.20280734,59.08035563,56.7895377,54.29697415,51.55002707,48.43582749,44.86565475,40.54533462,32.02445741,15.52692204,,,,,,,,,,,,,,,,,,,,,,,,,,,,,,,,
22.5,,,,,,,,,,,,,,,,,,,,,,,,,,,,,,,,,,,,67.46388149,65.7185082,63.88936114,61.96543704,59.91411938,57.69549112,55.30495772,52.68256855,49.72534939,46.38854742,42.40012393,36.64185285,15.59391709,,,,,,,,,,,,,,,,,,,,,,,,,,,,,,,,,
23,,,,,,,,,,,,,,,,,,,,,,,,,,,,,,,,,,,,66.33266598,64.56283419,62.69117028,60.68863583,58.55213154,56.24953831,53.73286933,50.93598691,47.80887055,44.0774429,39.53535621,28.14280791,16.96927951,,,,,,,,,,,,,,,,,,,,,,,,,,,,,,,,,
23.5,,,,,,,,,,,,,,,,,,,,,,,,,,,,,,,,,,,,,63.36578063,61.43120642,59.37481514,57.15752003,54.73682534,52.08350816,49.09122966,45.62669367,41.50612215,35.62216075,16.98091612,,,,,,,,,,,,,,,,,,,,,,,,,,,,,,,,,,
24,,,,,,,,,,,,,,,,,,,,,,,,,,,,,,,,,,,,,,60.15601987,58.00837741,55.68707277,53.14693972,50.3024515,47.0615346,43.27405778,38.34634692,19.62376117,,,,,,,,,,,,,,,,,,,,,,,,,,,,,,,,,,,
24.5,,,,,,,,,,,,,,,,,,,,,,,,,,,,,,,,,,,,,,,56.58035384,54.14361133,51.44378547,48.39465081,44.85632021,40.4735918,27.04542486,16.71525571,,,,,,,,,,,,,,,,,,,,,,,,,,,,,,,,,,,
25,,,,,,,,,,,,,,,,,,,,,,,,,,,,,,,,,,,,,,,55.10230724,52.53765483,49.63329286,46.29767955,42.3089533,36.91320469,16.48444769,,,,,,,,,,,,,,,,,,,,,,,,,,,,,,,,,,,,
25.5,,,,,,,,,,,,,,,,,,,,,,,,,,,,,,,,,,,,,,,,50.77119468,47.65105197,43.98539856,39.39336527,19.11285482,,,,,,,,,,,,,,,,,,,,,,,,,,,,,,,,,,,,,
26,,,,,,,,,,,,,,,,,,,,,,,,,,,,,,,,,,,,,,,,,45.46606291,41.27825907,27.66276466,18.05044535,,,,,,,,,,,,,,,,,,,,,,,,,,,,,,,,,,,,,
26.5,,,,,,,,,,,,,,,,,,,,,,,,,,,,,,,,,,,,,,,,,43.03428672,35.11589941,16.53861311,,,,,,,,,,,,,,,,,,,,,,,,,,,,,,,,,,,,,,
27,,,,,,,,,,,,,,,,,,,,,,,,,,,,,,,,,,,,,,,,,,16.31862104,,,,,,,,,,,,,,,,,,,,,,,,,,,,,,,,,,,,,,,
27.5,,,,,,,,,,,,,,,,,,,,,,,,,,,,,,,,,,,,,,,,,,,,,,,,,,,,,,,,,,,,,,,,,,,,,,,,,,,,,,,,,
28,,,,,,,,,,,,,,,,,,,,,,,,,,,,,,,,,,,,,,,,,,,,,,,,,,,,,,,,,,,,,,,,,,,,,,,,,,,,,,,,,
